ISO-10303-21;
HEADER;
/* Generated by software containing ST-Developer
 * from STEP Tools, Inc. (www.steptools.com) 
 */
/* OPTION: using custom renumber hook */

FILE_DESCRIPTION(
/* description */ ('STEP AP242 Edition 2',
'CAx-IF Rec.Pracs.---Representation and Presentation of Product Manufa
cturing Information (PMI)---4.0---2014-10-13',
'CAx-IF Rec.Pracs.---3D Tessellated Geometry---0.4---2014-09-14','2;1',
'CAx-IF Rec.Pracs.---User Defined Attributes---1.5---2016-08-15'),
/* implementation_level */ '2;1');

FILE_NAME(
/* name */ 'Case - Case Bottom',
/* time_stamp */ '2026-08-07T15:28:58Z',
/* author */ (''),
/* organization */ (''),
/* preprocessor_version */ 'ST-DEVELOPER v20',
/* originating_system */ 'ONSHAPE BY PTC INC, 1.219',
/* authorisation */ '  ');

FILE_SCHEMA (('AP242_MANAGED_MODEL_BASED_3D_ENGINEERING_MIM_LF { 1 0 10303 442 3 1 4 }'));
ENDSEC;

DATA;
#10=SHAPE_REPRESENTATION_RELATIONSHIP('','',#1612,#11);
#11=ADVANCED_BREP_SHAPE_REPRESENTATION('',(#1610),#2722);
#12=VERTEX_LOOP('',#889);
#13=VERTEX_LOOP('',#891);
#14=VERTEX_LOOP('',#893);
#15=VERTEX_LOOP('',#895);
#16=CONICAL_SURFACE('',#1767,0.002,1.02974425867665);
#17=CONICAL_SURFACE('',#1770,0.002,1.02974425867665);
#18=CONICAL_SURFACE('',#1773,0.002,1.02974425867665);
#19=CONICAL_SURFACE('',#1776,0.002,1.02974425867665);
#20=ELLIPSE('',#1756,0.00636396103067893,0.0045);
#21=ELLIPSE('',#1757,0.00636396103067893,0.0045);
#22=ELLIPSE('',#1759,0.00636396103067893,0.0045);
#23=ELLIPSE('',#1761,0.00636396103067893,0.0045);
#24=ELLIPSE('',#1763,0.00636396103067893,0.0045);
#25=ELLIPSE('',#1765,0.00636396103067893,0.0045);
#26=CYLINDRICAL_SURFACE('',#1650,0.004);
#27=CYLINDRICAL_SURFACE('',#1652,0.002);
#28=CYLINDRICAL_SURFACE('',#1657,0.004);
#29=CYLINDRICAL_SURFACE('',#1659,0.002);
#30=CYLINDRICAL_SURFACE('',#1664,0.004);
#31=CYLINDRICAL_SURFACE('',#1666,0.002);
#32=CYLINDRICAL_SURFACE('',#1671,0.004);
#33=CYLINDRICAL_SURFACE('',#1673,0.002);
#34=CYLINDRICAL_SURFACE('',#1678,0.004);
#35=CYLINDRICAL_SURFACE('',#1680,0.002);
#36=CYLINDRICAL_SURFACE('',#1685,0.004);
#37=CYLINDRICAL_SURFACE('',#1687,0.002);
#38=CYLINDRICAL_SURFACE('',#1695,0.001520017217895);
#39=CYLINDRICAL_SURFACE('',#1698,0.001520017217895);
#40=CYLINDRICAL_SURFACE('',#1701,0.000508);
#41=CYLINDRICAL_SURFACE('',#1703,0.00561346047619);
#42=CYLINDRICAL_SURFACE('',#1706,0.005588);
#43=CYLINDRICAL_SURFACE('',#1709,0.005588);
#44=CYLINDRICAL_SURFACE('',#1712,0.00561346047619);
#45=CYLINDRICAL_SURFACE('',#1714,0.000508);
#46=CYLINDRICAL_SURFACE('',#1716,0.001520017217895);
#47=CYLINDRICAL_SURFACE('',#1719,0.001520017217895);
#48=CYLINDRICAL_SURFACE('',#1722,0.000508);
#49=CYLINDRICAL_SURFACE('',#1724,0.00561346047619);
#50=CYLINDRICAL_SURFACE('',#1727,0.005588);
#51=CYLINDRICAL_SURFACE('',#1730,0.005588);
#52=CYLINDRICAL_SURFACE('',#1733,0.00561346047619);
#53=CYLINDRICAL_SURFACE('',#1735,0.000508);
#54=CYLINDRICAL_SURFACE('',#1744,0.0017);
#55=CYLINDRICAL_SURFACE('',#1745,0.0017);
#56=CYLINDRICAL_SURFACE('',#1746,0.0017);
#57=CYLINDRICAL_SURFACE('',#1747,0.0017);
#58=CYLINDRICAL_SURFACE('',#1755,0.0045);
#59=CYLINDRICAL_SURFACE('',#1758,0.0045);
#60=CYLINDRICAL_SURFACE('',#1760,0.0045);
#61=CYLINDRICAL_SURFACE('',#1762,0.0045);
#62=CYLINDRICAL_SURFACE('',#1764,0.0045);
#63=CYLINDRICAL_SURFACE('',#1766,0.0045);
#64=CYLINDRICAL_SURFACE('',#1769,0.002);
#65=CYLINDRICAL_SURFACE('',#1772,0.002);
#66=CYLINDRICAL_SURFACE('',#1775,0.002);
#67=CYLINDRICAL_SURFACE('',#1778,0.002);
#68=CIRCLE('',#1617,0.004);
#69=CIRCLE('',#1618,0.004);
#70=CIRCLE('',#1619,0.004);
#71=CIRCLE('',#1620,0.004);
#72=CIRCLE('',#1621,0.004);
#73=CIRCLE('',#1622,0.004);
#74=CIRCLE('',#1624,0.0017);
#75=CIRCLE('',#1625,0.0017);
#76=CIRCLE('',#1626,0.0017);
#77=CIRCLE('',#1627,0.0017);
#78=CIRCLE('',#1628,0.001520017217895);
#79=CIRCLE('',#1629,0.001520017217895);
#80=CIRCLE('',#1630,0.000508);
#81=CIRCLE('',#1631,0.00561346047619);
#82=CIRCLE('',#1632,0.005588);
#83=CIRCLE('',#1633,0.005588);
#84=CIRCLE('',#1634,0.00561346047619);
#85=CIRCLE('',#1635,0.000508);
#86=CIRCLE('',#1636,0.001520017217895);
#87=CIRCLE('',#1637,0.001520017217895);
#88=CIRCLE('',#1638,0.000508);
#89=CIRCLE('',#1639,0.00561346047619);
#90=CIRCLE('',#1640,0.005588);
#91=CIRCLE('',#1641,0.005588);
#92=CIRCLE('',#1642,0.00561346047619);
#93=CIRCLE('',#1643,0.000508);
#94=CIRCLE('',#1647,0.002);
#95=CIRCLE('',#1648,0.002);
#96=CIRCLE('',#1651,0.004);
#97=CIRCLE('',#1653,0.002);
#98=CIRCLE('',#1654,0.002);
#99=CIRCLE('',#1658,0.004);
#100=CIRCLE('',#1660,0.002);
#101=CIRCLE('',#1661,0.002);
#102=CIRCLE('',#1665,0.004);
#103=CIRCLE('',#1667,0.002);
#104=CIRCLE('',#1668,0.002);
#105=CIRCLE('',#1672,0.004);
#106=CIRCLE('',#1674,0.002);
#107=CIRCLE('',#1675,0.002);
#108=CIRCLE('',#1679,0.004);
#109=CIRCLE('',#1681,0.002);
#110=CIRCLE('',#1682,0.002);
#111=CIRCLE('',#1686,0.004);
#112=CIRCLE('',#1688,0.002);
#113=CIRCLE('',#1689,0.002);
#114=CIRCLE('',#1693,0.002);
#115=CIRCLE('',#1694,0.002);
#116=CIRCLE('',#1696,0.001520017217895);
#117=CIRCLE('',#1699,0.001520017217895);
#118=CIRCLE('',#1702,0.000508);
#119=CIRCLE('',#1704,0.00561346047619);
#120=CIRCLE('',#1707,0.005588);
#121=CIRCLE('',#1710,0.005588);
#122=CIRCLE('',#1713,0.00561346047619);
#123=CIRCLE('',#1715,0.000508);
#124=CIRCLE('',#1717,0.001520017217895);
#125=CIRCLE('',#1720,0.001520017217895);
#126=CIRCLE('',#1723,0.000508);
#127=CIRCLE('',#1725,0.00561346047619);
#128=CIRCLE('',#1728,0.005588);
#129=CIRCLE('',#1731,0.005588);
#130=CIRCLE('',#1734,0.00561346047619);
#131=CIRCLE('',#1736,0.000508);
#132=CIRCLE('',#1740,0.0017);
#133=CIRCLE('',#1741,0.0017);
#134=CIRCLE('',#1742,0.0017);
#135=CIRCLE('',#1743,0.0017);
#136=CIRCLE('',#1768,0.002);
#137=CIRCLE('',#1771,0.002);
#138=CIRCLE('',#1774,0.002);
#139=CIRCLE('',#1777,0.002);
#140=ORIENTED_EDGE('',*,*,#550,.F.);
#141=ORIENTED_EDGE('',*,*,#551,.T.);
#142=ORIENTED_EDGE('',*,*,#552,.T.);
#143=ORIENTED_EDGE('',*,*,#553,.T.);
#144=ORIENTED_EDGE('',*,*,#554,.F.);
#145=ORIENTED_EDGE('',*,*,#555,.T.);
#146=ORIENTED_EDGE('',*,*,#556,.F.);
#147=ORIENTED_EDGE('',*,*,#557,.F.);
#148=ORIENTED_EDGE('',*,*,#558,.T.);
#149=ORIENTED_EDGE('',*,*,#559,.T.);
#150=ORIENTED_EDGE('',*,*,#560,.T.);
#151=ORIENTED_EDGE('',*,*,#561,.T.);
#152=ORIENTED_EDGE('',*,*,#562,.T.);
#153=ORIENTED_EDGE('',*,*,#563,.T.);
#154=ORIENTED_EDGE('',*,*,#564,.F.);
#155=ORIENTED_EDGE('',*,*,#565,.F.);
#156=ORIENTED_EDGE('',*,*,#566,.T.);
#157=ORIENTED_EDGE('',*,*,#567,.T.);
#158=ORIENTED_EDGE('',*,*,#568,.T.);
#159=ORIENTED_EDGE('',*,*,#569,.T.);
#160=ORIENTED_EDGE('',*,*,#570,.T.);
#161=ORIENTED_EDGE('',*,*,#571,.T.);
#162=ORIENTED_EDGE('',*,*,#572,.F.);
#163=ORIENTED_EDGE('',*,*,#573,.T.);
#164=ORIENTED_EDGE('',*,*,#574,.F.);
#165=ORIENTED_EDGE('',*,*,#575,.F.);
#166=ORIENTED_EDGE('',*,*,#576,.T.);
#167=ORIENTED_EDGE('',*,*,#577,.F.);
#168=ORIENTED_EDGE('',*,*,#578,.F.);
#169=ORIENTED_EDGE('',*,*,#579,.F.);
#170=ORIENTED_EDGE('',*,*,#580,.F.);
#171=ORIENTED_EDGE('',*,*,#581,.F.);
#172=ORIENTED_EDGE('',*,*,#582,.T.);
#173=ORIENTED_EDGE('',*,*,#583,.F.);
#174=ORIENTED_EDGE('',*,*,#584,.T.);
#175=ORIENTED_EDGE('',*,*,#585,.T.);
#176=ORIENTED_EDGE('',*,*,#586,.F.);
#177=ORIENTED_EDGE('',*,*,#587,.T.);
#178=ORIENTED_EDGE('',*,*,#588,.F.);
#179=ORIENTED_EDGE('',*,*,#589,.F.);
#180=ORIENTED_EDGE('',*,*,#590,.T.);
#181=ORIENTED_EDGE('',*,*,#591,.F.);
#182=ORIENTED_EDGE('',*,*,#592,.F.);
#183=ORIENTED_EDGE('',*,*,#593,.F.);
#184=ORIENTED_EDGE('',*,*,#594,.F.);
#185=ORIENTED_EDGE('',*,*,#595,.F.);
#186=ORIENTED_EDGE('',*,*,#596,.T.);
#187=ORIENTED_EDGE('',*,*,#597,.F.);
#188=ORIENTED_EDGE('',*,*,#598,.T.);
#189=ORIENTED_EDGE('',*,*,#599,.T.);
#190=ORIENTED_EDGE('',*,*,#600,.T.);
#191=ORIENTED_EDGE('',*,*,#601,.T.);
#192=ORIENTED_EDGE('',*,*,#602,.F.);
#193=ORIENTED_EDGE('',*,*,#566,.F.);
#194=ORIENTED_EDGE('',*,*,#565,.T.);
#195=ORIENTED_EDGE('',*,*,#603,.T.);
#196=ORIENTED_EDGE('',*,*,#604,.F.);
#197=ORIENTED_EDGE('',*,*,#605,.F.);
#198=ORIENTED_EDGE('',*,*,#600,.F.);
#199=ORIENTED_EDGE('',*,*,#606,.F.);
#200=ORIENTED_EDGE('',*,*,#567,.F.);
#201=ORIENTED_EDGE('',*,*,#602,.T.);
#202=ORIENTED_EDGE('',*,*,#607,.T.);
#203=ORIENTED_EDGE('',*,*,#608,.T.);
#204=ORIENTED_EDGE('',*,*,#609,.T.);
#205=ORIENTED_EDGE('',*,*,#610,.T.);
#206=ORIENTED_EDGE('',*,*,#611,.F.);
#207=ORIENTED_EDGE('',*,*,#612,.T.);
#208=ORIENTED_EDGE('',*,*,#613,.F.);
#209=ORIENTED_EDGE('',*,*,#555,.F.);
#210=ORIENTED_EDGE('',*,*,#614,.F.);
#211=ORIENTED_EDGE('',*,*,#615,.F.);
#212=ORIENTED_EDGE('',*,*,#616,.F.);
#213=ORIENTED_EDGE('',*,*,#617,.T.);
#214=ORIENTED_EDGE('',*,*,#618,.T.);
#215=ORIENTED_EDGE('',*,*,#550,.T.);
#216=ORIENTED_EDGE('',*,*,#619,.T.);
#217=ORIENTED_EDGE('',*,*,#620,.F.);
#218=ORIENTED_EDGE('',*,*,#616,.T.);
#219=ORIENTED_EDGE('',*,*,#621,.F.);
#220=ORIENTED_EDGE('',*,*,#622,.F.);
#221=ORIENTED_EDGE('',*,*,#623,.T.);
#222=ORIENTED_EDGE('',*,*,#558,.F.);
#223=ORIENTED_EDGE('',*,*,#624,.T.);
#224=ORIENTED_EDGE('',*,*,#625,.T.);
#225=ORIENTED_EDGE('',*,*,#626,.F.);
#226=ORIENTED_EDGE('',*,*,#626,.T.);
#227=ORIENTED_EDGE('',*,*,#624,.F.);
#228=ORIENTED_EDGE('',*,*,#625,.F.);
#229=ORIENTED_EDGE('',*,*,#559,.F.);
#230=ORIENTED_EDGE('',*,*,#627,.T.);
#231=ORIENTED_EDGE('',*,*,#628,.T.);
#232=ORIENTED_EDGE('',*,*,#629,.F.);
#233=ORIENTED_EDGE('',*,*,#629,.T.);
#234=ORIENTED_EDGE('',*,*,#627,.F.);
#235=ORIENTED_EDGE('',*,*,#628,.F.);
#236=ORIENTED_EDGE('',*,*,#560,.F.);
#237=ORIENTED_EDGE('',*,*,#630,.T.);
#238=ORIENTED_EDGE('',*,*,#631,.T.);
#239=ORIENTED_EDGE('',*,*,#632,.F.);
#240=ORIENTED_EDGE('',*,*,#632,.T.);
#241=ORIENTED_EDGE('',*,*,#630,.F.);
#242=ORIENTED_EDGE('',*,*,#631,.F.);
#243=ORIENTED_EDGE('',*,*,#561,.F.);
#244=ORIENTED_EDGE('',*,*,#633,.T.);
#245=ORIENTED_EDGE('',*,*,#634,.T.);
#246=ORIENTED_EDGE('',*,*,#635,.F.);
#247=ORIENTED_EDGE('',*,*,#635,.T.);
#248=ORIENTED_EDGE('',*,*,#633,.F.);
#249=ORIENTED_EDGE('',*,*,#634,.F.);
#250=ORIENTED_EDGE('',*,*,#562,.F.);
#251=ORIENTED_EDGE('',*,*,#636,.T.);
#252=ORIENTED_EDGE('',*,*,#637,.T.);
#253=ORIENTED_EDGE('',*,*,#638,.F.);
#254=ORIENTED_EDGE('',*,*,#638,.T.);
#255=ORIENTED_EDGE('',*,*,#636,.F.);
#256=ORIENTED_EDGE('',*,*,#637,.F.);
#257=ORIENTED_EDGE('',*,*,#563,.F.);
#258=ORIENTED_EDGE('',*,*,#639,.T.);
#259=ORIENTED_EDGE('',*,*,#640,.T.);
#260=ORIENTED_EDGE('',*,*,#641,.F.);
#261=ORIENTED_EDGE('',*,*,#641,.T.);
#262=ORIENTED_EDGE('',*,*,#639,.F.);
#263=ORIENTED_EDGE('',*,*,#640,.F.);
#264=ORIENTED_EDGE('',*,*,#642,.T.);
#265=ORIENTED_EDGE('',*,*,#643,.T.);
#266=ORIENTED_EDGE('',*,*,#644,.F.);
#267=ORIENTED_EDGE('',*,*,#619,.F.);
#268=ORIENTED_EDGE('',*,*,#553,.F.);
#269=ORIENTED_EDGE('',*,*,#645,.T.);
#270=ORIENTED_EDGE('',*,*,#556,.T.);
#271=ORIENTED_EDGE('',*,*,#613,.T.);
#272=ORIENTED_EDGE('',*,*,#646,.F.);
#273=ORIENTED_EDGE('',*,*,#647,.F.);
#274=ORIENTED_EDGE('',*,*,#572,.T.);
#275=ORIENTED_EDGE('',*,*,#648,.F.);
#276=ORIENTED_EDGE('',*,*,#649,.F.);
#277=ORIENTED_EDGE('',*,*,#650,.T.);
#278=ORIENTED_EDGE('',*,*,#573,.F.);
#279=ORIENTED_EDGE('',*,*,#650,.F.);
#280=ORIENTED_EDGE('',*,*,#651,.T.);
#281=ORIENTED_EDGE('',*,*,#652,.T.);
#282=ORIENTED_EDGE('',*,*,#574,.T.);
#283=ORIENTED_EDGE('',*,*,#652,.F.);
#284=ORIENTED_EDGE('',*,*,#653,.F.);
#285=ORIENTED_EDGE('',*,*,#654,.T.);
#286=ORIENTED_EDGE('',*,*,#575,.T.);
#287=ORIENTED_EDGE('',*,*,#654,.F.);
#288=ORIENTED_EDGE('',*,*,#655,.F.);
#289=ORIENTED_EDGE('',*,*,#656,.T.);
#290=ORIENTED_EDGE('',*,*,#576,.F.);
#291=ORIENTED_EDGE('',*,*,#656,.F.);
#292=ORIENTED_EDGE('',*,*,#657,.T.);
#293=ORIENTED_EDGE('',*,*,#658,.T.);
#294=ORIENTED_EDGE('',*,*,#577,.T.);
#295=ORIENTED_EDGE('',*,*,#658,.F.);
#296=ORIENTED_EDGE('',*,*,#659,.F.);
#297=ORIENTED_EDGE('',*,*,#660,.T.);
#298=ORIENTED_EDGE('',*,*,#578,.T.);
#299=ORIENTED_EDGE('',*,*,#660,.F.);
#300=ORIENTED_EDGE('',*,*,#661,.F.);
#301=ORIENTED_EDGE('',*,*,#662,.T.);
#302=ORIENTED_EDGE('',*,*,#579,.T.);
#303=ORIENTED_EDGE('',*,*,#662,.F.);
#304=ORIENTED_EDGE('',*,*,#663,.F.);
#305=ORIENTED_EDGE('',*,*,#664,.T.);
#306=ORIENTED_EDGE('',*,*,#580,.T.);
#307=ORIENTED_EDGE('',*,*,#664,.F.);
#308=ORIENTED_EDGE('',*,*,#665,.F.);
#309=ORIENTED_EDGE('',*,*,#666,.T.);
#310=ORIENTED_EDGE('',*,*,#581,.T.);
#311=ORIENTED_EDGE('',*,*,#666,.F.);
#312=ORIENTED_EDGE('',*,*,#667,.F.);
#313=ORIENTED_EDGE('',*,*,#668,.T.);
#314=ORIENTED_EDGE('',*,*,#582,.F.);
#315=ORIENTED_EDGE('',*,*,#668,.F.);
#316=ORIENTED_EDGE('',*,*,#669,.T.);
#317=ORIENTED_EDGE('',*,*,#670,.T.);
#318=ORIENTED_EDGE('',*,*,#583,.T.);
#319=ORIENTED_EDGE('',*,*,#670,.F.);
#320=ORIENTED_EDGE('',*,*,#671,.F.);
#321=ORIENTED_EDGE('',*,*,#672,.T.);
#322=ORIENTED_EDGE('',*,*,#584,.F.);
#323=ORIENTED_EDGE('',*,*,#672,.F.);
#324=ORIENTED_EDGE('',*,*,#673,.T.);
#325=ORIENTED_EDGE('',*,*,#674,.T.);
#326=ORIENTED_EDGE('',*,*,#586,.T.);
#327=ORIENTED_EDGE('',*,*,#675,.F.);
#328=ORIENTED_EDGE('',*,*,#676,.F.);
#329=ORIENTED_EDGE('',*,*,#677,.T.);
#330=ORIENTED_EDGE('',*,*,#587,.F.);
#331=ORIENTED_EDGE('',*,*,#677,.F.);
#332=ORIENTED_EDGE('',*,*,#678,.T.);
#333=ORIENTED_EDGE('',*,*,#679,.T.);
#334=ORIENTED_EDGE('',*,*,#588,.T.);
#335=ORIENTED_EDGE('',*,*,#679,.F.);
#336=ORIENTED_EDGE('',*,*,#680,.F.);
#337=ORIENTED_EDGE('',*,*,#681,.T.);
#338=ORIENTED_EDGE('',*,*,#589,.T.);
#339=ORIENTED_EDGE('',*,*,#681,.F.);
#340=ORIENTED_EDGE('',*,*,#682,.F.);
#341=ORIENTED_EDGE('',*,*,#683,.T.);
#342=ORIENTED_EDGE('',*,*,#590,.F.);
#343=ORIENTED_EDGE('',*,*,#683,.F.);
#344=ORIENTED_EDGE('',*,*,#684,.T.);
#345=ORIENTED_EDGE('',*,*,#685,.T.);
#346=ORIENTED_EDGE('',*,*,#591,.T.);
#347=ORIENTED_EDGE('',*,*,#685,.F.);
#348=ORIENTED_EDGE('',*,*,#686,.F.);
#349=ORIENTED_EDGE('',*,*,#687,.T.);
#350=ORIENTED_EDGE('',*,*,#592,.T.);
#351=ORIENTED_EDGE('',*,*,#687,.F.);
#352=ORIENTED_EDGE('',*,*,#688,.F.);
#353=ORIENTED_EDGE('',*,*,#689,.T.);
#354=ORIENTED_EDGE('',*,*,#593,.T.);
#355=ORIENTED_EDGE('',*,*,#689,.F.);
#356=ORIENTED_EDGE('',*,*,#690,.F.);
#357=ORIENTED_EDGE('',*,*,#691,.T.);
#358=ORIENTED_EDGE('',*,*,#594,.T.);
#359=ORIENTED_EDGE('',*,*,#691,.F.);
#360=ORIENTED_EDGE('',*,*,#692,.F.);
#361=ORIENTED_EDGE('',*,*,#693,.T.);
#362=ORIENTED_EDGE('',*,*,#595,.T.);
#363=ORIENTED_EDGE('',*,*,#693,.F.);
#364=ORIENTED_EDGE('',*,*,#694,.F.);
#365=ORIENTED_EDGE('',*,*,#695,.T.);
#366=ORIENTED_EDGE('',*,*,#596,.F.);
#367=ORIENTED_EDGE('',*,*,#695,.F.);
#368=ORIENTED_EDGE('',*,*,#696,.T.);
#369=ORIENTED_EDGE('',*,*,#697,.T.);
#370=ORIENTED_EDGE('',*,*,#597,.T.);
#371=ORIENTED_EDGE('',*,*,#697,.F.);
#372=ORIENTED_EDGE('',*,*,#698,.F.);
#373=ORIENTED_EDGE('',*,*,#699,.T.);
#374=ORIENTED_EDGE('',*,*,#598,.F.);
#375=ORIENTED_EDGE('',*,*,#699,.F.);
#376=ORIENTED_EDGE('',*,*,#700,.T.);
#377=ORIENTED_EDGE('',*,*,#701,.T.);
#378=ORIENTED_EDGE('',*,*,#585,.F.);
#379=ORIENTED_EDGE('',*,*,#674,.F.);
#380=ORIENTED_EDGE('',*,*,#702,.T.);
#381=ORIENTED_EDGE('',*,*,#648,.T.);
#382=ORIENTED_EDGE('',*,*,#599,.F.);
#383=ORIENTED_EDGE('',*,*,#701,.F.);
#384=ORIENTED_EDGE('',*,*,#703,.T.);
#385=ORIENTED_EDGE('',*,*,#675,.T.);
#386=ORIENTED_EDGE('',*,*,#704,.F.);
#387=ORIENTED_EDGE('',*,*,#705,.F.);
#388=ORIENTED_EDGE('',*,*,#706,.F.);
#389=ORIENTED_EDGE('',*,*,#707,.F.);
#390=ORIENTED_EDGE('',*,*,#676,.T.);
#391=ORIENTED_EDGE('',*,*,#703,.F.);
#392=ORIENTED_EDGE('',*,*,#700,.F.);
#393=ORIENTED_EDGE('',*,*,#698,.T.);
#394=ORIENTED_EDGE('',*,*,#696,.F.);
#395=ORIENTED_EDGE('',*,*,#694,.T.);
#396=ORIENTED_EDGE('',*,*,#692,.T.);
#397=ORIENTED_EDGE('',*,*,#690,.T.);
#398=ORIENTED_EDGE('',*,*,#688,.T.);
#399=ORIENTED_EDGE('',*,*,#686,.T.);
#400=ORIENTED_EDGE('',*,*,#684,.F.);
#401=ORIENTED_EDGE('',*,*,#682,.T.);
#402=ORIENTED_EDGE('',*,*,#680,.T.);
#403=ORIENTED_EDGE('',*,*,#678,.F.);
#404=ORIENTED_EDGE('',*,*,#649,.T.);
#405=ORIENTED_EDGE('',*,*,#702,.F.);
#406=ORIENTED_EDGE('',*,*,#673,.F.);
#407=ORIENTED_EDGE('',*,*,#671,.T.);
#408=ORIENTED_EDGE('',*,*,#669,.F.);
#409=ORIENTED_EDGE('',*,*,#667,.T.);
#410=ORIENTED_EDGE('',*,*,#665,.T.);
#411=ORIENTED_EDGE('',*,*,#663,.T.);
#412=ORIENTED_EDGE('',*,*,#661,.T.);
#413=ORIENTED_EDGE('',*,*,#659,.T.);
#414=ORIENTED_EDGE('',*,*,#657,.F.);
#415=ORIENTED_EDGE('',*,*,#655,.T.);
#416=ORIENTED_EDGE('',*,*,#653,.T.);
#417=ORIENTED_EDGE('',*,*,#651,.F.);
#418=ORIENTED_EDGE('',*,*,#622,.T.);
#419=ORIENTED_EDGE('',*,*,#708,.T.);
#420=ORIENTED_EDGE('',*,*,#709,.F.);
#421=ORIENTED_EDGE('',*,*,#710,.T.);
#422=ORIENTED_EDGE('',*,*,#711,.T.);
#423=ORIENTED_EDGE('',*,*,#557,.T.);
#424=ORIENTED_EDGE('',*,*,#645,.F.);
#425=ORIENTED_EDGE('',*,*,#552,.F.);
#426=ORIENTED_EDGE('',*,*,#712,.F.);
#427=ORIENTED_EDGE('',*,*,#713,.F.);
#428=ORIENTED_EDGE('',*,*,#714,.T.);
#429=ORIENTED_EDGE('',*,*,#715,.F.);
#430=ORIENTED_EDGE('',*,*,#571,.F.);
#431=ORIENTED_EDGE('',*,*,#707,.T.);
#432=ORIENTED_EDGE('',*,*,#570,.F.);
#433=ORIENTED_EDGE('',*,*,#706,.T.);
#434=ORIENTED_EDGE('',*,*,#569,.F.);
#435=ORIENTED_EDGE('',*,*,#705,.T.);
#436=ORIENTED_EDGE('',*,*,#568,.F.);
#437=ORIENTED_EDGE('',*,*,#704,.T.);
#438=ORIENTED_EDGE('',*,*,#716,.F.);
#439=ORIENTED_EDGE('',*,*,#617,.F.);
#440=ORIENTED_EDGE('',*,*,#623,.F.);
#441=ORIENTED_EDGE('',*,*,#715,.T.);
#442=ORIENTED_EDGE('',*,*,#615,.T.);
#443=ORIENTED_EDGE('',*,*,#717,.T.);
#444=ORIENTED_EDGE('',*,*,#708,.F.);
#445=ORIENTED_EDGE('',*,*,#621,.T.);
#446=ORIENTED_EDGE('',*,*,#718,.T.);
#447=ORIENTED_EDGE('',*,*,#719,.T.);
#448=ORIENTED_EDGE('',*,*,#720,.T.);
#449=ORIENTED_EDGE('',*,*,#646,.T.);
#450=ORIENTED_EDGE('',*,*,#612,.F.);
#451=ORIENTED_EDGE('',*,*,#721,.F.);
#452=ORIENTED_EDGE('',*,*,#720,.F.);
#453=ORIENTED_EDGE('',*,*,#722,.T.);
#454=ORIENTED_EDGE('',*,*,#723,.T.);
#455=ORIENTED_EDGE('',*,*,#647,.T.);
#456=ORIENTED_EDGE('',*,*,#723,.F.);
#457=ORIENTED_EDGE('',*,*,#724,.T.);
#458=ORIENTED_EDGE('',*,*,#725,.T.);
#459=ORIENTED_EDGE('',*,*,#726,.T.);
#460=ORIENTED_EDGE('',*,*,#620,.T.);
#461=ORIENTED_EDGE('',*,*,#644,.T.);
#462=ORIENTED_EDGE('',*,*,#605,.T.);
#463=ORIENTED_EDGE('',*,*,#727,.T.);
#464=ORIENTED_EDGE('',*,*,#607,.F.);
#465=ORIENTED_EDGE('',*,*,#601,.F.);
#466=ORIENTED_EDGE('',*,*,#726,.F.);
#467=ORIENTED_EDGE('',*,*,#728,.T.);
#468=ORIENTED_EDGE('',*,*,#721,.T.);
#469=ORIENTED_EDGE('',*,*,#611,.T.);
#470=ORIENTED_EDGE('',*,*,#729,.F.);
#471=ORIENTED_EDGE('',*,*,#722,.F.);
#472=ORIENTED_EDGE('',*,*,#730,.F.);
#473=ORIENTED_EDGE('',*,*,#727,.F.);
#474=ORIENTED_EDGE('',*,*,#730,.T.);
#475=ORIENTED_EDGE('',*,*,#719,.F.);
#476=ORIENTED_EDGE('',*,*,#731,.F.);
#477=ORIENTED_EDGE('',*,*,#608,.F.);
#478=ORIENTED_EDGE('',*,*,#729,.T.);
#479=ORIENTED_EDGE('',*,*,#604,.T.);
#480=ORIENTED_EDGE('',*,*,#732,.F.);
#481=ORIENTED_EDGE('',*,*,#724,.F.);
#482=ORIENTED_EDGE('',*,*,#731,.T.);
#483=ORIENTED_EDGE('',*,*,#718,.F.);
#484=ORIENTED_EDGE('',*,*,#733,.F.);
#485=ORIENTED_EDGE('',*,*,#606,.T.);
#486=ORIENTED_EDGE('',*,*,#732,.T.);
#487=ORIENTED_EDGE('',*,*,#603,.F.);
#488=ORIENTED_EDGE('',*,*,#734,.F.);
#489=ORIENTED_EDGE('',*,*,#725,.F.);
#490=ORIENTED_EDGE('',*,*,#733,.T.);
#491=ORIENTED_EDGE('',*,*,#728,.F.);
#492=ORIENTED_EDGE('',*,*,#734,.T.);
#493=ORIENTED_EDGE('',*,*,#564,.T.);
#494=ORIENTED_EDGE('',*,*,#735,.F.);
#495=ORIENTED_EDGE('',*,*,#735,.T.);
#496=ORIENTED_EDGE('',*,*,#643,.F.);
#497=ORIENTED_EDGE('',*,*,#736,.F.);
#498=ORIENTED_EDGE('',*,*,#736,.T.);
#499=ORIENTED_EDGE('',*,*,#642,.F.);
#500=ORIENTED_EDGE('',*,*,#737,.F.);
#501=ORIENTED_EDGE('',*,*,#737,.T.);
#502=ORIENTED_EDGE('',*,*,#610,.F.);
#503=ORIENTED_EDGE('',*,*,#738,.F.);
#504=ORIENTED_EDGE('',*,*,#738,.T.);
#505=ORIENTED_EDGE('',*,*,#609,.F.);
#506=ORIENTED_EDGE('',*,*,#739,.T.);
#507=ORIENTED_EDGE('',*,*,#614,.T.);
#508=ORIENTED_EDGE('',*,*,#740,.F.);
#509=ORIENTED_EDGE('',*,*,#741,.F.);
#510=ORIENTED_EDGE('',*,*,#742,.F.);
#511=ORIENTED_EDGE('',*,*,#743,.T.);
#512=ORIENTED_EDGE('',*,*,#709,.T.);
#513=ORIENTED_EDGE('',*,*,#717,.F.);
#514=ORIENTED_EDGE('',*,*,#739,.F.);
#515=ORIENTED_EDGE('',*,*,#743,.F.);
#516=ORIENTED_EDGE('',*,*,#744,.T.);
#517=ORIENTED_EDGE('',*,*,#745,.T.);
#518=ORIENTED_EDGE('',*,*,#710,.F.);
#519=ORIENTED_EDGE('',*,*,#745,.F.);
#520=ORIENTED_EDGE('',*,*,#746,.T.);
#521=ORIENTED_EDGE('',*,*,#740,.T.);
#522=ORIENTED_EDGE('',*,*,#554,.T.);
#523=ORIENTED_EDGE('',*,*,#711,.F.);
#524=ORIENTED_EDGE('',*,*,#744,.F.);
#525=ORIENTED_EDGE('',*,*,#742,.T.);
#526=ORIENTED_EDGE('',*,*,#741,.T.);
#527=ORIENTED_EDGE('',*,*,#746,.F.);
#528=ORIENTED_EDGE('',*,*,#618,.F.);
#529=ORIENTED_EDGE('',*,*,#747,.F.);
#530=ORIENTED_EDGE('',*,*,#748,.T.);
#531=ORIENTED_EDGE('',*,*,#749,.T.);
#532=ORIENTED_EDGE('',*,*,#750,.F.);
#533=ORIENTED_EDGE('',*,*,#751,.T.);
#534=ORIENTED_EDGE('',*,*,#713,.T.);
#535=ORIENTED_EDGE('',*,*,#752,.F.);
#536=ORIENTED_EDGE('',*,*,#753,.F.);
#537=ORIENTED_EDGE('',*,*,#752,.T.);
#538=ORIENTED_EDGE('',*,*,#712,.T.);
#539=ORIENTED_EDGE('',*,*,#551,.F.);
#540=ORIENTED_EDGE('',*,*,#749,.F.);
#541=ORIENTED_EDGE('',*,*,#751,.F.);
#542=ORIENTED_EDGE('',*,*,#754,.T.);
#543=ORIENTED_EDGE('',*,*,#747,.T.);
#544=ORIENTED_EDGE('',*,*,#716,.T.);
#545=ORIENTED_EDGE('',*,*,#714,.F.);
#546=ORIENTED_EDGE('',*,*,#750,.T.);
#547=ORIENTED_EDGE('',*,*,#753,.T.);
#548=ORIENTED_EDGE('',*,*,#748,.F.);
#549=ORIENTED_EDGE('',*,*,#754,.F.);
#550=EDGE_CURVE('',#755,#756,#905,.T.);
#551=EDGE_CURVE('',#755,#757,#906,.T.);
#552=EDGE_CURVE('',#757,#758,#907,.T.);
#553=EDGE_CURVE('',#758,#756,#908,.T.);
#554=EDGE_CURVE('',#759,#760,#909,.T.);
#555=EDGE_CURVE('',#759,#761,#910,.T.);
#556=EDGE_CURVE('',#762,#761,#911,.T.);
#557=EDGE_CURVE('',#760,#762,#912,.T.);
#558=EDGE_CURVE('',#763,#763,#68,.T.);
#559=EDGE_CURVE('',#764,#764,#69,.T.);
#560=EDGE_CURVE('',#765,#765,#70,.T.);
#561=EDGE_CURVE('',#766,#766,#71,.T.);
#562=EDGE_CURVE('',#767,#767,#72,.T.);
#563=EDGE_CURVE('',#768,#768,#73,.T.);
#564=EDGE_CURVE('',#769,#770,#913,.T.);
#565=EDGE_CURVE('',#771,#769,#914,.T.);
#566=EDGE_CURVE('',#771,#772,#915,.T.);
#567=EDGE_CURVE('',#772,#770,#916,.T.);
#568=EDGE_CURVE('',#773,#773,#74,.T.);
#569=EDGE_CURVE('',#774,#774,#75,.T.);
#570=EDGE_CURVE('',#775,#775,#76,.T.);
#571=EDGE_CURVE('',#776,#776,#77,.T.);
#572=EDGE_CURVE('',#777,#778,#78,.T.);
#573=EDGE_CURVE('',#777,#779,#917,.T.);
#574=EDGE_CURVE('',#780,#779,#79,.T.);
#575=EDGE_CURVE('',#781,#780,#918,.T.);
#576=EDGE_CURVE('',#781,#782,#80,.T.);
#577=EDGE_CURVE('',#783,#782,#81,.T.);
#578=EDGE_CURVE('',#784,#783,#919,.T.);
#579=EDGE_CURVE('',#785,#784,#82,.T.);
#580=EDGE_CURVE('',#786,#785,#920,.T.);
#581=EDGE_CURVE('',#787,#786,#83,.T.);
#582=EDGE_CURVE('',#787,#788,#921,.T.);
#583=EDGE_CURVE('',#789,#788,#84,.T.);
#584=EDGE_CURVE('',#789,#790,#85,.T.);
#585=EDGE_CURVE('',#790,#778,#922,.T.);
#586=EDGE_CURVE('',#791,#792,#86,.T.);
#587=EDGE_CURVE('',#791,#793,#923,.T.);
#588=EDGE_CURVE('',#794,#793,#87,.T.);
#589=EDGE_CURVE('',#795,#794,#924,.T.);
#590=EDGE_CURVE('',#795,#796,#88,.T.);
#591=EDGE_CURVE('',#797,#796,#89,.T.);
#592=EDGE_CURVE('',#798,#797,#925,.T.);
#593=EDGE_CURVE('',#799,#798,#90,.T.);
#594=EDGE_CURVE('',#800,#799,#926,.T.);
#595=EDGE_CURVE('',#801,#800,#91,.T.);
#596=EDGE_CURVE('',#801,#802,#927,.T.);
#597=EDGE_CURVE('',#803,#802,#92,.T.);
#598=EDGE_CURVE('',#803,#804,#93,.T.);
#599=EDGE_CURVE('',#804,#792,#928,.T.);
#600=EDGE_CURVE('',#771,#805,#929,.T.);
#601=EDGE_CURVE('',#805,#806,#930,.T.);
#602=EDGE_CURVE('',#772,#806,#931,.T.);
#603=EDGE_CURVE('',#769,#807,#932,.T.);
#604=EDGE_CURVE('',#808,#807,#933,.T.);
#605=EDGE_CURVE('',#805,#808,#934,.T.);
#606=EDGE_CURVE('',#770,#809,#935,.T.);
#607=EDGE_CURVE('',#806,#810,#936,.T.);
#608=EDGE_CURVE('',#810,#809,#937,.T.);
#609=EDGE_CURVE('',#811,#811,#94,.T.);
#610=EDGE_CURVE('',#812,#812,#95,.T.);
#611=EDGE_CURVE('',#813,#814,#938,.T.);
#612=EDGE_CURVE('',#813,#815,#939,.T.);
#613=EDGE_CURVE('',#761,#815,#940,.T.);
#614=EDGE_CURVE('',#816,#759,#941,.T.);
#615=EDGE_CURVE('',#817,#816,#942,.T.);
#616=EDGE_CURVE('',#818,#817,#943,.T.);
#617=EDGE_CURVE('',#818,#819,#944,.T.);
#618=EDGE_CURVE('',#819,#755,#945,.T.);
#619=EDGE_CURVE('',#756,#820,#946,.T.);
#620=EDGE_CURVE('',#814,#820,#947,.T.);
#621=EDGE_CURVE('',#821,#817,#948,.T.);
#622=EDGE_CURVE('',#822,#821,#949,.T.);
#623=EDGE_CURVE('',#822,#818,#950,.T.);
#624=EDGE_CURVE('',#823,#823,#96,.F.);
#625=EDGE_CURVE('',#824,#824,#97,.T.);
#626=EDGE_CURVE('',#825,#825,#98,.F.);
#627=EDGE_CURVE('',#826,#826,#99,.F.);
#628=EDGE_CURVE('',#827,#827,#100,.T.);
#629=EDGE_CURVE('',#828,#828,#101,.F.);
#630=EDGE_CURVE('',#829,#829,#102,.F.);
#631=EDGE_CURVE('',#830,#830,#103,.T.);
#632=EDGE_CURVE('',#831,#831,#104,.F.);
#633=EDGE_CURVE('',#832,#832,#105,.F.);
#634=EDGE_CURVE('',#833,#833,#106,.T.);
#635=EDGE_CURVE('',#834,#834,#107,.F.);
#636=EDGE_CURVE('',#835,#835,#108,.F.);
#637=EDGE_CURVE('',#836,#836,#109,.T.);
#638=EDGE_CURVE('',#837,#837,#110,.F.);
#639=EDGE_CURVE('',#838,#838,#111,.F.);
#640=EDGE_CURVE('',#839,#839,#112,.T.);
#641=EDGE_CURVE('',#840,#840,#113,.F.);
#642=EDGE_CURVE('',#841,#841,#114,.T.);
#643=EDGE_CURVE('',#842,#842,#115,.T.);
#644=EDGE_CURVE('',#820,#843,#951,.T.);
#645=EDGE_CURVE('',#758,#762,#952,.T.);
#646=EDGE_CURVE('',#844,#815,#953,.T.);
#647=EDGE_CURVE('',#843,#844,#954,.T.);
#648=EDGE_CURVE('',#845,#778,#955,.T.);
#649=EDGE_CURVE('',#846,#845,#116,.T.);
#650=EDGE_CURVE('',#846,#777,#956,.T.);
#651=EDGE_CURVE('',#846,#847,#957,.T.);
#652=EDGE_CURVE('',#847,#779,#958,.T.);
#653=EDGE_CURVE('',#848,#847,#117,.T.);
#654=EDGE_CURVE('',#848,#780,#959,.T.);
#655=EDGE_CURVE('',#849,#848,#960,.T.);
#656=EDGE_CURVE('',#849,#781,#961,.T.);
#657=EDGE_CURVE('',#849,#850,#118,.T.);
#658=EDGE_CURVE('',#850,#782,#962,.T.);
#659=EDGE_CURVE('',#851,#850,#119,.T.);
#660=EDGE_CURVE('',#851,#783,#963,.T.);
#661=EDGE_CURVE('',#852,#851,#964,.T.);
#662=EDGE_CURVE('',#852,#784,#965,.T.);
#663=EDGE_CURVE('',#853,#852,#120,.T.);
#664=EDGE_CURVE('',#853,#785,#966,.T.);
#665=EDGE_CURVE('',#854,#853,#967,.T.);
#666=EDGE_CURVE('',#854,#786,#968,.T.);
#667=EDGE_CURVE('',#855,#854,#121,.T.);
#668=EDGE_CURVE('',#855,#787,#969,.T.);
#669=EDGE_CURVE('',#855,#856,#970,.T.);
#670=EDGE_CURVE('',#856,#788,#971,.T.);
#671=EDGE_CURVE('',#857,#856,#122,.T.);
#672=EDGE_CURVE('',#857,#789,#972,.T.);
#673=EDGE_CURVE('',#857,#858,#123,.T.);
#674=EDGE_CURVE('',#858,#790,#973,.T.);
#675=EDGE_CURVE('',#859,#792,#974,.T.);
#676=EDGE_CURVE('',#860,#859,#124,.T.);
#677=EDGE_CURVE('',#860,#791,#975,.T.);
#678=EDGE_CURVE('',#860,#861,#976,.T.);
#679=EDGE_CURVE('',#861,#793,#977,.T.);
#680=EDGE_CURVE('',#862,#861,#125,.T.);
#681=EDGE_CURVE('',#862,#794,#978,.T.);
#682=EDGE_CURVE('',#863,#862,#979,.T.);
#683=EDGE_CURVE('',#863,#795,#980,.T.);
#684=EDGE_CURVE('',#863,#864,#126,.T.);
#685=EDGE_CURVE('',#864,#796,#981,.T.);
#686=EDGE_CURVE('',#865,#864,#127,.T.);
#687=EDGE_CURVE('',#865,#797,#982,.T.);
#688=EDGE_CURVE('',#866,#865,#983,.T.);
#689=EDGE_CURVE('',#866,#798,#984,.T.);
#690=EDGE_CURVE('',#867,#866,#128,.T.);
#691=EDGE_CURVE('',#867,#799,#985,.T.);
#692=EDGE_CURVE('',#868,#867,#986,.T.);
#693=EDGE_CURVE('',#868,#800,#987,.T.);
#694=EDGE_CURVE('',#869,#868,#129,.T.);
#695=EDGE_CURVE('',#869,#801,#988,.T.);
#696=EDGE_CURVE('',#869,#870,#989,.T.);
#697=EDGE_CURVE('',#870,#802,#990,.T.);
#698=EDGE_CURVE('',#871,#870,#130,.T.);
#699=EDGE_CURVE('',#871,#803,#991,.T.);
#700=EDGE_CURVE('',#871,#872,#131,.T.);
#701=EDGE_CURVE('',#872,#804,#992,.T.);
#702=EDGE_CURVE('',#858,#845,#993,.T.);
#703=EDGE_CURVE('',#872,#859,#994,.T.);
#704=EDGE_CURVE('',#873,#873,#132,.F.);
#705=EDGE_CURVE('',#874,#874,#133,.F.);
#706=EDGE_CURVE('',#875,#875,#134,.F.);
#707=EDGE_CURVE('',#876,#876,#135,.F.);
#708=EDGE_CURVE('',#821,#877,#995,.T.);
#709=EDGE_CURVE('',#878,#877,#996,.T.);
#710=EDGE_CURVE('',#878,#879,#997,.T.);
#711=EDGE_CURVE('',#879,#760,#998,.T.);
#712=EDGE_CURVE('',#880,#757,#999,.T.);
#713=EDGE_CURVE('',#881,#880,#1000,.T.);
#714=EDGE_CURVE('',#881,#882,#1001,.T.);
#715=EDGE_CURVE('',#822,#882,#1002,.T.);
#716=EDGE_CURVE('',#819,#882,#1003,.T.);
#717=EDGE_CURVE('',#816,#877,#1004,.T.);
#718=EDGE_CURVE('',#883,#884,#1005,.F.);
#719=EDGE_CURVE('',#884,#885,#1006,.F.);
#720=EDGE_CURVE('',#885,#844,#1007,.T.);
#721=EDGE_CURVE('',#883,#813,#1008,.T.);
#722=EDGE_CURVE('',#885,#886,#1009,.F.);
#723=EDGE_CURVE('',#886,#843,#1010,.T.);
#724=EDGE_CURVE('',#886,#887,#1011,.F.);
#725=EDGE_CURVE('',#887,#888,#1012,.T.);
#726=EDGE_CURVE('',#888,#814,#1013,.T.);
#727=EDGE_CURVE('',#808,#810,#1014,.T.);
#728=EDGE_CURVE('',#888,#883,#1015,.F.);
#729=EDGE_CURVE('',#886,#808,#20,.F.);
#730=EDGE_CURVE('',#810,#885,#21,.T.);
#731=EDGE_CURVE('',#809,#884,#22,.T.);
#732=EDGE_CURVE('',#887,#807,#23,.F.);
#733=EDGE_CURVE('',#770,#883,#24,.T.);
#734=EDGE_CURVE('',#888,#769,#25,.F.);
#735=EDGE_CURVE('',#890,#890,#136,.T.);
#736=EDGE_CURVE('',#892,#892,#137,.T.);
#737=EDGE_CURVE('',#894,#894,#138,.T.);
#738=EDGE_CURVE('',#896,#896,#139,.T.);
#739=EDGE_CURVE('',#897,#816,#1016,.T.);
#740=EDGE_CURVE('',#898,#759,#1017,.T.);
#741=EDGE_CURVE('',#897,#898,#1018,.T.);
#742=EDGE_CURVE('',#899,#897,#1019,.T.);
#743=EDGE_CURVE('',#899,#878,#1020,.T.);
#744=EDGE_CURVE('',#899,#900,#1021,.T.);
#745=EDGE_CURVE('',#900,#879,#1022,.T.);
#746=EDGE_CURVE('',#900,#898,#1023,.T.);
#747=EDGE_CURVE('',#901,#819,#1024,.T.);
#748=EDGE_CURVE('',#901,#902,#1025,.T.);
#749=EDGE_CURVE('',#902,#755,#1026,.T.);
#750=EDGE_CURVE('',#903,#904,#1027,.T.);
#751=EDGE_CURVE('',#903,#881,#1028,.T.);
#752=EDGE_CURVE('',#904,#880,#1029,.T.);
#753=EDGE_CURVE('',#904,#902,#1030,.T.);
#754=EDGE_CURVE('',#903,#901,#1031,.T.);
#755=VERTEX_POINT('',#2271);
#756=VERTEX_POINT('',#2272);
#757=VERTEX_POINT('',#2274);
#758=VERTEX_POINT('',#2276);
#759=VERTEX_POINT('',#2280);
#760=VERTEX_POINT('',#2281);
#761=VERTEX_POINT('',#2283);
#762=VERTEX_POINT('',#2285);
#763=VERTEX_POINT('',#2289);
#764=VERTEX_POINT('',#2291);
#765=VERTEX_POINT('',#2293);
#766=VERTEX_POINT('',#2295);
#767=VERTEX_POINT('',#2297);
#768=VERTEX_POINT('',#2299);
#769=VERTEX_POINT('',#2301);
#770=VERTEX_POINT('',#2302);
#771=VERTEX_POINT('',#2304);
#772=VERTEX_POINT('',#2306);
#773=VERTEX_POINT('',#2310);
#774=VERTEX_POINT('',#2312);
#775=VERTEX_POINT('',#2314);
#776=VERTEX_POINT('',#2316);
#777=VERTEX_POINT('',#2318);
#778=VERTEX_POINT('',#2319);
#779=VERTEX_POINT('',#2321);
#780=VERTEX_POINT('',#2323);
#781=VERTEX_POINT('',#2325);
#782=VERTEX_POINT('',#2327);
#783=VERTEX_POINT('',#2329);
#784=VERTEX_POINT('',#2331);
#785=VERTEX_POINT('',#2333);
#786=VERTEX_POINT('',#2335);
#787=VERTEX_POINT('',#2337);
#788=VERTEX_POINT('',#2339);
#789=VERTEX_POINT('',#2341);
#790=VERTEX_POINT('',#2343);
#791=VERTEX_POINT('',#2346);
#792=VERTEX_POINT('',#2347);
#793=VERTEX_POINT('',#2349);
#794=VERTEX_POINT('',#2351);
#795=VERTEX_POINT('',#2353);
#796=VERTEX_POINT('',#2355);
#797=VERTEX_POINT('',#2357);
#798=VERTEX_POINT('',#2359);
#799=VERTEX_POINT('',#2361);
#800=VERTEX_POINT('',#2363);
#801=VERTEX_POINT('',#2365);
#802=VERTEX_POINT('',#2367);
#803=VERTEX_POINT('',#2369);
#804=VERTEX_POINT('',#2371);
#805=VERTEX_POINT('',#2374);
#806=VERTEX_POINT('',#2376);
#807=VERTEX_POINT('',#2380);
#808=VERTEX_POINT('',#2382);
#809=VERTEX_POINT('',#2386);
#810=VERTEX_POINT('',#2388);
#811=VERTEX_POINT('',#2392);
#812=VERTEX_POINT('',#2394);
#813=VERTEX_POINT('',#2396);
#814=VERTEX_POINT('',#2397);
#815=VERTEX_POINT('',#2399);
#816=VERTEX_POINT('',#2402);
#817=VERTEX_POINT('',#2404);
#818=VERTEX_POINT('',#2406);
#819=VERTEX_POINT('',#2408);
#820=VERTEX_POINT('',#2411);
#821=VERTEX_POINT('',#2415);
#822=VERTEX_POINT('',#2417);
#823=VERTEX_POINT('',#2421);
#824=VERTEX_POINT('',#2424);
#825=VERTEX_POINT('',#2426);
#826=VERTEX_POINT('',#2431);
#827=VERTEX_POINT('',#2434);
#828=VERTEX_POINT('',#2436);
#829=VERTEX_POINT('',#2441);
#830=VERTEX_POINT('',#2444);
#831=VERTEX_POINT('',#2446);
#832=VERTEX_POINT('',#2451);
#833=VERTEX_POINT('',#2454);
#834=VERTEX_POINT('',#2456);
#835=VERTEX_POINT('',#2461);
#836=VERTEX_POINT('',#2464);
#837=VERTEX_POINT('',#2466);
#838=VERTEX_POINT('',#2471);
#839=VERTEX_POINT('',#2474);
#840=VERTEX_POINT('',#2476);
#841=VERTEX_POINT('',#2481);
#842=VERTEX_POINT('',#2483);
#843=VERTEX_POINT('',#2485);
#844=VERTEX_POINT('',#2488);
#845=VERTEX_POINT('',#2492);
#846=VERTEX_POINT('',#2494);
#847=VERTEX_POINT('',#2498);
#848=VERTEX_POINT('',#2502);
#849=VERTEX_POINT('',#2506);
#850=VERTEX_POINT('',#2510);
#851=VERTEX_POINT('',#2514);
#852=VERTEX_POINT('',#2518);
#853=VERTEX_POINT('',#2522);
#854=VERTEX_POINT('',#2526);
#855=VERTEX_POINT('',#2530);
#856=VERTEX_POINT('',#2534);
#857=VERTEX_POINT('',#2538);
#858=VERTEX_POINT('',#2542);
#859=VERTEX_POINT('',#2546);
#860=VERTEX_POINT('',#2548);
#861=VERTEX_POINT('',#2552);
#862=VERTEX_POINT('',#2556);
#863=VERTEX_POINT('',#2560);
#864=VERTEX_POINT('',#2564);
#865=VERTEX_POINT('',#2568);
#866=VERTEX_POINT('',#2572);
#867=VERTEX_POINT('',#2576);
#868=VERTEX_POINT('',#2580);
#869=VERTEX_POINT('',#2584);
#870=VERTEX_POINT('',#2588);
#871=VERTEX_POINT('',#2592);
#872=VERTEX_POINT('',#2596);
#873=VERTEX_POINT('',#2604);
#874=VERTEX_POINT('',#2606);
#875=VERTEX_POINT('',#2608);
#876=VERTEX_POINT('',#2610);
#877=VERTEX_POINT('',#2612);
#878=VERTEX_POINT('',#2614);
#879=VERTEX_POINT('',#2616);
#880=VERTEX_POINT('',#2619);
#881=VERTEX_POINT('',#2621);
#882=VERTEX_POINT('',#2623);
#883=VERTEX_POINT('',#2635);
#884=VERTEX_POINT('',#2636);
#885=VERTEX_POINT('',#2638);
#886=VERTEX_POINT('',#2643);
#887=VERTEX_POINT('',#2647);
#888=VERTEX_POINT('',#2649);
#889=VERTEX_POINT('',#2668);
#890=VERTEX_POINT('',#2670);
#891=VERTEX_POINT('',#2673);
#892=VERTEX_POINT('',#2675);
#893=VERTEX_POINT('',#2678);
#894=VERTEX_POINT('',#2680);
#895=VERTEX_POINT('',#2683);
#896=VERTEX_POINT('',#2685);
#897=VERTEX_POINT('',#2689);
#898=VERTEX_POINT('',#2691);
#899=VERTEX_POINT('',#2695);
#900=VERTEX_POINT('',#2699);
#901=VERTEX_POINT('',#2706);
#902=VERTEX_POINT('',#2708);
#903=VERTEX_POINT('',#2712);
#904=VERTEX_POINT('',#2713);
#905=LINE('',#2270,#1032);
#906=LINE('',#2273,#1033);
#907=LINE('',#2275,#1034);
#908=LINE('',#2277,#1035);
#909=LINE('',#2279,#1036);
#910=LINE('',#2282,#1037);
#911=LINE('',#2284,#1038);
#912=LINE('',#2286,#1039);
#913=LINE('',#2300,#1040);
#914=LINE('',#2303,#1041);
#915=LINE('',#2305,#1042);
#916=LINE('',#2307,#1043);
#917=LINE('',#2320,#1044);
#918=LINE('',#2324,#1045);
#919=LINE('',#2330,#1046);
#920=LINE('',#2334,#1047);
#921=LINE('',#2338,#1048);
#922=LINE('',#2344,#1049);
#923=LINE('',#2348,#1050);
#924=LINE('',#2352,#1051);
#925=LINE('',#2358,#1052);
#926=LINE('',#2362,#1053);
#927=LINE('',#2366,#1054);
#928=LINE('',#2372,#1055);
#929=LINE('',#2373,#1056);
#930=LINE('',#2375,#1057);
#931=LINE('',#2377,#1058);
#932=LINE('',#2379,#1059);
#933=LINE('',#2381,#1060);
#934=LINE('',#2383,#1061);
#935=LINE('',#2385,#1062);
#936=LINE('',#2387,#1063);
#937=LINE('',#2389,#1064);
#938=LINE('',#2395,#1065);
#939=LINE('',#2398,#1066);
#940=LINE('',#2400,#1067);
#941=LINE('',#2401,#1068);
#942=LINE('',#2403,#1069);
#943=LINE('',#2405,#1070);
#944=LINE('',#2407,#1071);
#945=LINE('',#2409,#1072);
#946=LINE('',#2410,#1073);
#947=LINE('',#2412,#1074);
#948=LINE('',#2414,#1075);
#949=LINE('',#2416,#1076);
#950=LINE('',#2418,#1077);
#951=LINE('',#2484,#1078);
#952=LINE('',#2486,#1079);
#953=LINE('',#2487,#1080);
#954=LINE('',#2489,#1081);
#955=LINE('',#2491,#1082);
#956=LINE('',#2495,#1083);
#957=LINE('',#2497,#1084);
#958=LINE('',#2499,#1085);
#959=LINE('',#2503,#1086);
#960=LINE('',#2505,#1087);
#961=LINE('',#2507,#1088);
#962=LINE('',#2511,#1089);
#963=LINE('',#2515,#1090);
#964=LINE('',#2517,#1091);
#965=LINE('',#2519,#1092);
#966=LINE('',#2523,#1093);
#967=LINE('',#2525,#1094);
#968=LINE('',#2527,#1095);
#969=LINE('',#2531,#1096);
#970=LINE('',#2533,#1097);
#971=LINE('',#2535,#1098);
#972=LINE('',#2539,#1099);
#973=LINE('',#2543,#1100);
#974=LINE('',#2545,#1101);
#975=LINE('',#2549,#1102);
#976=LINE('',#2551,#1103);
#977=LINE('',#2553,#1104);
#978=LINE('',#2557,#1105);
#979=LINE('',#2559,#1106);
#980=LINE('',#2561,#1107);
#981=LINE('',#2565,#1108);
#982=LINE('',#2569,#1109);
#983=LINE('',#2571,#1110);
#984=LINE('',#2573,#1111);
#985=LINE('',#2577,#1112);
#986=LINE('',#2579,#1113);
#987=LINE('',#2581,#1114);
#988=LINE('',#2585,#1115);
#989=LINE('',#2587,#1116);
#990=LINE('',#2589,#1117);
#991=LINE('',#2593,#1118);
#992=LINE('',#2597,#1119);
#993=LINE('',#2599,#1120);
#994=LINE('',#2601,#1121);
#995=LINE('',#2611,#1122);
#996=LINE('',#2613,#1123);
#997=LINE('',#2615,#1124);
#998=LINE('',#2617,#1125);
#999=LINE('',#2618,#1126);
#1000=LINE('',#2620,#1127);
#1001=LINE('',#2622,#1128);
#1002=LINE('',#2624,#1129);
#1003=LINE('',#2630,#1130);
#1004=LINE('',#2632,#1131);
#1005=LINE('',#2634,#1132);
#1006=LINE('',#2637,#1133);
#1007=LINE('',#2639,#1134);
#1008=LINE('',#2640,#1135);
#1009=LINE('',#2642,#1136);
#1010=LINE('',#2644,#1137);
#1011=LINE('',#2646,#1138);
#1012=LINE('',#2648,#1139);
#1013=LINE('',#2650,#1140);
#1014=LINE('',#2652,#1141);
#1015=LINE('',#2654,#1142);
#1016=LINE('',#2688,#1143);
#1017=LINE('',#2690,#1144);
#1018=LINE('',#2692,#1145);
#1019=LINE('',#2694,#1146);
#1020=LINE('',#2696,#1147);
#1021=LINE('',#2698,#1148);
#1022=LINE('',#2700,#1149);
#1023=LINE('',#2702,#1150);
#1024=LINE('',#2705,#1151);
#1025=LINE('',#2707,#1152);
#1026=LINE('',#2709,#1153);
#1027=LINE('',#2711,#1154);
#1028=LINE('',#2714,#1155);
#1029=LINE('',#2715,#1156);
#1030=LINE('',#2717,#1157);
#1031=LINE('',#2719,#1158);
#1032=VECTOR('',#1793,1.);
#1033=VECTOR('',#1794,1.);
#1034=VECTOR('',#1795,1.);
#1035=VECTOR('',#1796,1.);
#1036=VECTOR('',#1799,1.);
#1037=VECTOR('',#1800,1.);
#1038=VECTOR('',#1801,1.);
#1039=VECTOR('',#1802,1.);
#1040=VECTOR('',#1817,1.);
#1041=VECTOR('',#1818,1.);
#1042=VECTOR('',#1819,1.);
#1043=VECTOR('',#1820,1.);
#1044=VECTOR('',#1833,1.);
#1045=VECTOR('',#1836,1.);
#1046=VECTOR('',#1841,1.);
#1047=VECTOR('',#1844,1.);
#1048=VECTOR('',#1847,1.);
#1049=VECTOR('',#1852,1.);
#1050=VECTOR('',#1855,1.);
#1051=VECTOR('',#1858,1.);
#1052=VECTOR('',#1863,1.);
#1053=VECTOR('',#1866,1.);
#1054=VECTOR('',#1869,1.);
#1055=VECTOR('',#1874,1.);
#1056=VECTOR('',#1875,1.);
#1057=VECTOR('',#1876,1.);
#1058=VECTOR('',#1877,1.);
#1059=VECTOR('',#1880,1.);
#1060=VECTOR('',#1881,1.);
#1061=VECTOR('',#1882,1.);
#1062=VECTOR('',#1885,1.);
#1063=VECTOR('',#1886,1.);
#1064=VECTOR('',#1887,1.);
#1065=VECTOR('',#1894,1.);
#1066=VECTOR('',#1895,1.);
#1067=VECTOR('',#1896,1.);
#1068=VECTOR('',#1897,1.);
#1069=VECTOR('',#1898,1.);
#1070=VECTOR('',#1899,1.);
#1071=VECTOR('',#1900,1.);
#1072=VECTOR('',#1901,1.);
#1073=VECTOR('',#1902,1.);
#1074=VECTOR('',#1903,1.);
#1075=VECTOR('',#1906,1.);
#1076=VECTOR('',#1907,1.);
#1077=VECTOR('',#1908,1.);
#1078=VECTOR('',#1999,1.);
#1079=VECTOR('',#2000,1.);
#1080=VECTOR('',#2001,1.);
#1081=VECTOR('',#2002,1.);
#1082=VECTOR('',#2005,1.);
#1083=VECTOR('',#2008,1.);
#1084=VECTOR('',#2011,1.);
#1085=VECTOR('',#2012,1.);
#1086=VECTOR('',#2017,1.);
#1087=VECTOR('',#2020,1.);
#1088=VECTOR('',#2021,1.);
#1089=VECTOR('',#2026,1.);
#1090=VECTOR('',#2031,1.);
#1091=VECTOR('',#2034,1.);
#1092=VECTOR('',#2035,1.);
#1093=VECTOR('',#2040,1.);
#1094=VECTOR('',#2043,1.);
#1095=VECTOR('',#2044,1.);
#1096=VECTOR('',#2049,1.);
#1097=VECTOR('',#2052,1.);
#1098=VECTOR('',#2053,1.);
#1099=VECTOR('',#2058,1.);
#1100=VECTOR('',#2063,1.);
#1101=VECTOR('',#2066,1.);
#1102=VECTOR('',#2069,1.);
#1103=VECTOR('',#2072,1.);
#1104=VECTOR('',#2073,1.);
#1105=VECTOR('',#2078,1.);
#1106=VECTOR('',#2081,1.);
#1107=VECTOR('',#2082,1.);
#1108=VECTOR('',#2087,1.);
#1109=VECTOR('',#2092,1.);
#1110=VECTOR('',#2095,1.);
#1111=VECTOR('',#2096,1.);
#1112=VECTOR('',#2101,1.);
#1113=VECTOR('',#2104,1.);
#1114=VECTOR('',#2105,1.);
#1115=VECTOR('',#2110,1.);
#1116=VECTOR('',#2113,1.);
#1117=VECTOR('',#2114,1.);
#1118=VECTOR('',#2119,1.);
#1119=VECTOR('',#2124,1.);
#1120=VECTOR('',#2127,1.);
#1121=VECTOR('',#2130,1.);
#1122=VECTOR('',#2141,1.);
#1123=VECTOR('',#2142,1.);
#1124=VECTOR('',#2143,1.);
#1125=VECTOR('',#2144,1.);
#1126=VECTOR('',#2145,1.);
#1127=VECTOR('',#2146,1.);
#1128=VECTOR('',#2147,1.);
#1129=VECTOR('',#2148,1.);
#1130=VECTOR('',#2159,1.);
#1131=VECTOR('',#2162,1.);
#1132=VECTOR('',#2165,1.);
#1133=VECTOR('',#2166,1.);
#1134=VECTOR('',#2167,1.);
#1135=VECTOR('',#2168,1.);
#1136=VECTOR('',#2171,1.);
#1137=VECTOR('',#2172,1.);
#1138=VECTOR('',#2175,1.);
#1139=VECTOR('',#2176,1.);
#1140=VECTOR('',#2177,1.);
#1141=VECTOR('',#2180,1.);
#1142=VECTOR('',#2183,1.);
#1143=VECTOR('',#2234,1.);
#1144=VECTOR('',#2235,1.);
#1145=VECTOR('',#2236,1.);
#1146=VECTOR('',#2239,1.);
#1147=VECTOR('',#2240,1.);
#1148=VECTOR('',#2243,1.);
#1149=VECTOR('',#2244,1.);
#1150=VECTOR('',#2247,1.);
#1151=VECTOR('',#2252,1.);
#1152=VECTOR('',#2253,1.);
#1153=VECTOR('',#2254,1.);
#1154=VECTOR('',#2257,1.);
#1155=VECTOR('',#2258,1.);
#1156=VECTOR('',#2259,1.);
#1157=VECTOR('',#2262,1.);
#1158=VECTOR('',#2265,1.);
#1159=EDGE_LOOP('',(#140,#141,#142,#143));
#1160=EDGE_LOOP('',(#144,#145,#146,#147));
#1161=EDGE_LOOP('',(#148));
#1162=EDGE_LOOP('',(#149));
#1163=EDGE_LOOP('',(#150));
#1164=EDGE_LOOP('',(#151));
#1165=EDGE_LOOP('',(#152));
#1166=EDGE_LOOP('',(#153));
#1167=EDGE_LOOP('',(#154,#155,#156,#157));
#1168=EDGE_LOOP('',(#158));
#1169=EDGE_LOOP('',(#159));
#1170=EDGE_LOOP('',(#160));
#1171=EDGE_LOOP('',(#161));
#1172=EDGE_LOOP('',(#162,#163,#164,#165,#166,#167,#168,#169,#170,#171,#172,
#173,#174,#175));
#1173=EDGE_LOOP('',(#176,#177,#178,#179,#180,#181,#182,#183,#184,#185,#186,
#187,#188,#189));
#1174=EDGE_LOOP('',(#190,#191,#192,#193));
#1175=EDGE_LOOP('',(#194,#195,#196,#197,#198));
#1176=EDGE_LOOP('',(#199,#200,#201,#202,#203));
#1177=EDGE_LOOP('',(#204));
#1178=EDGE_LOOP('',(#205));
#1179=EDGE_LOOP('',(#206,#207,#208,#209,#210,#211,#212,#213,#214,#215,#216,
#217));
#1180=EDGE_LOOP('',(#218,#219,#220,#221));
#1181=EDGE_LOOP('',(#222));
#1182=EDGE_LOOP('',(#223));
#1183=EDGE_LOOP('',(#224));
#1184=EDGE_LOOP('',(#225));
#1185=EDGE_LOOP('',(#226));
#1186=EDGE_LOOP('',(#227));
#1187=EDGE_LOOP('',(#228));
#1188=EDGE_LOOP('',(#229));
#1189=EDGE_LOOP('',(#230));
#1190=EDGE_LOOP('',(#231));
#1191=EDGE_LOOP('',(#232));
#1192=EDGE_LOOP('',(#233));
#1193=EDGE_LOOP('',(#234));
#1194=EDGE_LOOP('',(#235));
#1195=EDGE_LOOP('',(#236));
#1196=EDGE_LOOP('',(#237));
#1197=EDGE_LOOP('',(#238));
#1198=EDGE_LOOP('',(#239));
#1199=EDGE_LOOP('',(#240));
#1200=EDGE_LOOP('',(#241));
#1201=EDGE_LOOP('',(#242));
#1202=EDGE_LOOP('',(#243));
#1203=EDGE_LOOP('',(#244));
#1204=EDGE_LOOP('',(#245));
#1205=EDGE_LOOP('',(#246));
#1206=EDGE_LOOP('',(#247));
#1207=EDGE_LOOP('',(#248));
#1208=EDGE_LOOP('',(#249));
#1209=EDGE_LOOP('',(#250));
#1210=EDGE_LOOP('',(#251));
#1211=EDGE_LOOP('',(#252));
#1212=EDGE_LOOP('',(#253));
#1213=EDGE_LOOP('',(#254));
#1214=EDGE_LOOP('',(#255));
#1215=EDGE_LOOP('',(#256));
#1216=EDGE_LOOP('',(#257));
#1217=EDGE_LOOP('',(#258));
#1218=EDGE_LOOP('',(#259));
#1219=EDGE_LOOP('',(#260));
#1220=EDGE_LOOP('',(#261));
#1221=EDGE_LOOP('',(#262));
#1222=EDGE_LOOP('',(#263));
#1223=EDGE_LOOP('',(#264));
#1224=EDGE_LOOP('',(#265));
#1225=EDGE_LOOP('',(#266,#267,#268,#269,#270,#271,#272,#273));
#1226=EDGE_LOOP('',(#274,#275,#276,#277));
#1227=EDGE_LOOP('',(#278,#279,#280,#281));
#1228=EDGE_LOOP('',(#282,#283,#284,#285));
#1229=EDGE_LOOP('',(#286,#287,#288,#289));
#1230=EDGE_LOOP('',(#290,#291,#292,#293));
#1231=EDGE_LOOP('',(#294,#295,#296,#297));
#1232=EDGE_LOOP('',(#298,#299,#300,#301));
#1233=EDGE_LOOP('',(#302,#303,#304,#305));
#1234=EDGE_LOOP('',(#306,#307,#308,#309));
#1235=EDGE_LOOP('',(#310,#311,#312,#313));
#1236=EDGE_LOOP('',(#314,#315,#316,#317));
#1237=EDGE_LOOP('',(#318,#319,#320,#321));
#1238=EDGE_LOOP('',(#322,#323,#324,#325));
#1239=EDGE_LOOP('',(#326,#327,#328,#329));
#1240=EDGE_LOOP('',(#330,#331,#332,#333));
#1241=EDGE_LOOP('',(#334,#335,#336,#337));
#1242=EDGE_LOOP('',(#338,#339,#340,#341));
#1243=EDGE_LOOP('',(#342,#343,#344,#345));
#1244=EDGE_LOOP('',(#346,#347,#348,#349));
#1245=EDGE_LOOP('',(#350,#351,#352,#353));
#1246=EDGE_LOOP('',(#354,#355,#356,#357));
#1247=EDGE_LOOP('',(#358,#359,#360,#361));
#1248=EDGE_LOOP('',(#362,#363,#364,#365));
#1249=EDGE_LOOP('',(#366,#367,#368,#369));
#1250=EDGE_LOOP('',(#370,#371,#372,#373));
#1251=EDGE_LOOP('',(#374,#375,#376,#377));
#1252=EDGE_LOOP('',(#378,#379,#380,#381));
#1253=EDGE_LOOP('',(#382,#383,#384,#385));
#1254=EDGE_LOOP('',(#386));
#1255=EDGE_LOOP('',(#387));
#1256=EDGE_LOOP('',(#388));
#1257=EDGE_LOOP('',(#389));
#1258=EDGE_LOOP('',(#390,#391,#392,#393,#394,#395,#396,#397,#398,#399,#400,
#401,#402,#403));
#1259=EDGE_LOOP('',(#404,#405,#406,#407,#408,#409,#410,#411,#412,#413,#414,
#415,#416,#417));
#1260=EDGE_LOOP('',(#418,#419,#420,#421,#422,#423,#424,#425,#426,#427,#428,
#429));
#1261=EDGE_LOOP('',(#430));
#1262=EDGE_LOOP('',(#431));
#1263=EDGE_LOOP('',(#432));
#1264=EDGE_LOOP('',(#433));
#1265=EDGE_LOOP('',(#434));
#1266=EDGE_LOOP('',(#435));
#1267=EDGE_LOOP('',(#436));
#1268=EDGE_LOOP('',(#437));
#1269=EDGE_LOOP('',(#438,#439,#440,#441));
#1270=EDGE_LOOP('',(#442,#443,#444,#445));
#1271=EDGE_LOOP('',(#446,#447,#448,#449,#450,#451));
#1272=EDGE_LOOP('',(#452,#453,#454,#455));
#1273=EDGE_LOOP('',(#456,#457,#458,#459,#460,#461));
#1274=EDGE_LOOP('',(#462,#463,#464,#465));
#1275=EDGE_LOOP('',(#466,#467,#468,#469));
#1276=EDGE_LOOP('',(#470,#471,#472,#473));
#1277=EDGE_LOOP('',(#474,#475,#476,#477));
#1278=EDGE_LOOP('',(#478,#479,#480,#481));
#1279=EDGE_LOOP('',(#482,#483,#484,#485));
#1280=EDGE_LOOP('',(#486,#487,#488,#489));
#1281=EDGE_LOOP('',(#490,#491,#492,#493));
#1282=EDGE_LOOP('',(#494));
#1283=EDGE_LOOP('',(#495));
#1284=EDGE_LOOP('',(#496));
#1285=EDGE_LOOP('',(#497));
#1286=EDGE_LOOP('',(#498));
#1287=EDGE_LOOP('',(#499));
#1288=EDGE_LOOP('',(#500));
#1289=EDGE_LOOP('',(#501));
#1290=EDGE_LOOP('',(#502));
#1291=EDGE_LOOP('',(#503));
#1292=EDGE_LOOP('',(#504));
#1293=EDGE_LOOP('',(#505));
#1294=EDGE_LOOP('',(#506,#507,#508,#509));
#1295=EDGE_LOOP('',(#510,#511,#512,#513,#514));
#1296=EDGE_LOOP('',(#515,#516,#517,#518));
#1297=EDGE_LOOP('',(#519,#520,#521,#522,#523));
#1298=EDGE_LOOP('',(#524,#525,#526,#527));
#1299=EDGE_LOOP('',(#528,#529,#530,#531));
#1300=EDGE_LOOP('',(#532,#533,#534,#535));
#1301=EDGE_LOOP('',(#536,#537,#538,#539,#540));
#1302=EDGE_LOOP('',(#541,#542,#543,#544,#545));
#1303=EDGE_LOOP('',(#546,#547,#548,#549));
#1304=FACE_BOUND('',#1159,.T.);
#1305=FACE_BOUND('',#1160,.T.);
#1306=FACE_BOUND('',#1161,.T.);
#1307=FACE_BOUND('',#1162,.T.);
#1308=FACE_BOUND('',#1163,.T.);
#1309=FACE_BOUND('',#1164,.T.);
#1310=FACE_BOUND('',#1165,.T.);
#1311=FACE_BOUND('',#1166,.T.);
#1312=FACE_BOUND('',#1167,.T.);
#1313=FACE_BOUND('',#1168,.T.);
#1314=FACE_BOUND('',#1169,.T.);
#1315=FACE_BOUND('',#1170,.T.);
#1316=FACE_BOUND('',#1171,.T.);
#1317=FACE_BOUND('',#1172,.T.);
#1318=FACE_BOUND('',#1173,.T.);
#1319=FACE_BOUND('',#1174,.T.);
#1320=FACE_BOUND('',#1175,.T.);
#1321=FACE_BOUND('',#1176,.T.);
#1322=FACE_BOUND('',#1177,.T.);
#1323=FACE_BOUND('',#1178,.T.);
#1324=FACE_BOUND('',#1179,.T.);
#1325=FACE_BOUND('',#1180,.T.);
#1326=FACE_BOUND('',#1181,.T.);
#1327=FACE_BOUND('',#1182,.T.);
#1328=FACE_BOUND('',#1183,.T.);
#1329=FACE_BOUND('',#1184,.T.);
#1330=FACE_BOUND('',#1185,.T.);
#1331=FACE_BOUND('',#1186,.T.);
#1332=FACE_BOUND('',#1187,.T.);
#1333=FACE_BOUND('',#1188,.T.);
#1334=FACE_BOUND('',#1189,.T.);
#1335=FACE_BOUND('',#1190,.T.);
#1336=FACE_BOUND('',#1191,.T.);
#1337=FACE_BOUND('',#1192,.T.);
#1338=FACE_BOUND('',#1193,.T.);
#1339=FACE_BOUND('',#1194,.T.);
#1340=FACE_BOUND('',#1195,.T.);
#1341=FACE_BOUND('',#1196,.T.);
#1342=FACE_BOUND('',#1197,.T.);
#1343=FACE_BOUND('',#1198,.T.);
#1344=FACE_BOUND('',#1199,.T.);
#1345=FACE_BOUND('',#1200,.T.);
#1346=FACE_BOUND('',#1201,.T.);
#1347=FACE_BOUND('',#1202,.T.);
#1348=FACE_BOUND('',#1203,.T.);
#1349=FACE_BOUND('',#1204,.T.);
#1350=FACE_BOUND('',#1205,.T.);
#1351=FACE_BOUND('',#1206,.T.);
#1352=FACE_BOUND('',#1207,.T.);
#1353=FACE_BOUND('',#1208,.T.);
#1354=FACE_BOUND('',#1209,.T.);
#1355=FACE_BOUND('',#1210,.T.);
#1356=FACE_BOUND('',#1211,.T.);
#1357=FACE_BOUND('',#1212,.T.);
#1358=FACE_BOUND('',#1213,.T.);
#1359=FACE_BOUND('',#1214,.T.);
#1360=FACE_BOUND('',#1215,.T.);
#1361=FACE_BOUND('',#1216,.T.);
#1362=FACE_BOUND('',#1217,.T.);
#1363=FACE_BOUND('',#1218,.T.);
#1364=FACE_BOUND('',#1219,.T.);
#1365=FACE_BOUND('',#1220,.T.);
#1366=FACE_BOUND('',#1221,.T.);
#1367=FACE_BOUND('',#1222,.T.);
#1368=FACE_BOUND('',#1223,.T.);
#1369=FACE_BOUND('',#1224,.T.);
#1370=FACE_BOUND('',#1225,.T.);
#1371=FACE_BOUND('',#1226,.T.);
#1372=FACE_BOUND('',#1227,.T.);
#1373=FACE_BOUND('',#1228,.T.);
#1374=FACE_BOUND('',#1229,.T.);
#1375=FACE_BOUND('',#1230,.T.);
#1376=FACE_BOUND('',#1231,.T.);
#1377=FACE_BOUND('',#1232,.T.);
#1378=FACE_BOUND('',#1233,.T.);
#1379=FACE_BOUND('',#1234,.T.);
#1380=FACE_BOUND('',#1235,.T.);
#1381=FACE_BOUND('',#1236,.T.);
#1382=FACE_BOUND('',#1237,.T.);
#1383=FACE_BOUND('',#1238,.T.);
#1384=FACE_BOUND('',#1239,.T.);
#1385=FACE_BOUND('',#1240,.T.);
#1386=FACE_BOUND('',#1241,.T.);
#1387=FACE_BOUND('',#1242,.T.);
#1388=FACE_BOUND('',#1243,.T.);
#1389=FACE_BOUND('',#1244,.T.);
#1390=FACE_BOUND('',#1245,.T.);
#1391=FACE_BOUND('',#1246,.T.);
#1392=FACE_BOUND('',#1247,.T.);
#1393=FACE_BOUND('',#1248,.T.);
#1394=FACE_BOUND('',#1249,.T.);
#1395=FACE_BOUND('',#1250,.T.);
#1396=FACE_BOUND('',#1251,.T.);
#1397=FACE_BOUND('',#1252,.T.);
#1398=FACE_BOUND('',#1253,.T.);
#1399=FACE_BOUND('',#1254,.T.);
#1400=FACE_BOUND('',#1255,.T.);
#1401=FACE_BOUND('',#1256,.T.);
#1402=FACE_BOUND('',#1257,.T.);
#1403=FACE_BOUND('',#1258,.T.);
#1404=FACE_BOUND('',#1259,.T.);
#1405=FACE_BOUND('',#1260,.T.);
#1406=FACE_BOUND('',#1261,.T.);
#1407=FACE_BOUND('',#1262,.T.);
#1408=FACE_BOUND('',#1263,.T.);
#1409=FACE_BOUND('',#1264,.T.);
#1410=FACE_BOUND('',#1265,.T.);
#1411=FACE_BOUND('',#1266,.T.);
#1412=FACE_BOUND('',#1267,.T.);
#1413=FACE_BOUND('',#1268,.T.);
#1414=FACE_BOUND('',#1269,.T.);
#1415=FACE_BOUND('',#1270,.T.);
#1416=FACE_BOUND('',#1271,.T.);
#1417=FACE_BOUND('',#1272,.T.);
#1418=FACE_BOUND('',#1273,.T.);
#1419=FACE_BOUND('',#1274,.T.);
#1420=FACE_BOUND('',#1275,.T.);
#1421=FACE_BOUND('',#1276,.T.);
#1422=FACE_BOUND('',#1277,.T.);
#1423=FACE_BOUND('',#1278,.T.);
#1424=FACE_BOUND('',#1279,.T.);
#1425=FACE_BOUND('',#1280,.T.);
#1426=FACE_BOUND('',#1281,.T.);
#1427=FACE_BOUND('',#12,.T.);
#1428=FACE_BOUND('',#1282,.T.);
#1429=FACE_BOUND('',#1283,.T.);
#1430=FACE_BOUND('',#1284,.T.);
#1431=FACE_BOUND('',#13,.T.);
#1432=FACE_BOUND('',#1285,.T.);
#1433=FACE_BOUND('',#1286,.T.);
#1434=FACE_BOUND('',#1287,.T.);
#1435=FACE_BOUND('',#14,.T.);
#1436=FACE_BOUND('',#1288,.T.);
#1437=FACE_BOUND('',#1289,.T.);
#1438=FACE_BOUND('',#1290,.T.);
#1439=FACE_BOUND('',#15,.T.);
#1440=FACE_BOUND('',#1291,.T.);
#1441=FACE_BOUND('',#1292,.T.);
#1442=FACE_BOUND('',#1293,.T.);
#1443=FACE_BOUND('',#1294,.T.);
#1444=FACE_BOUND('',#1295,.T.);
#1445=FACE_BOUND('',#1296,.T.);
#1446=FACE_BOUND('',#1297,.T.);
#1447=FACE_BOUND('',#1298,.T.);
#1448=FACE_BOUND('',#1299,.T.);
#1449=FACE_BOUND('',#1300,.T.);
#1450=FACE_BOUND('',#1301,.T.);
#1451=FACE_BOUND('',#1302,.T.);
#1452=FACE_BOUND('',#1303,.T.);
#1453=PLANE('',#1614);
#1454=PLANE('',#1615);
#1455=PLANE('',#1616);
#1456=PLANE('',#1623);
#1457=PLANE('',#1644);
#1458=PLANE('',#1645);
#1459=PLANE('',#1646);
#1460=PLANE('',#1649);
#1461=PLANE('',#1655);
#1462=PLANE('',#1656);
#1463=PLANE('',#1662);
#1464=PLANE('',#1663);
#1465=PLANE('',#1669);
#1466=PLANE('',#1670);
#1467=PLANE('',#1676);
#1468=PLANE('',#1677);
#1469=PLANE('',#1683);
#1470=PLANE('',#1684);
#1471=PLANE('',#1690);
#1472=PLANE('',#1691);
#1473=PLANE('',#1692);
#1474=PLANE('',#1697);
#1475=PLANE('',#1700);
#1476=PLANE('',#1705);
#1477=PLANE('',#1708);
#1478=PLANE('',#1711);
#1479=PLANE('',#1718);
#1480=PLANE('',#1721);
#1481=PLANE('',#1726);
#1482=PLANE('',#1729);
#1483=PLANE('',#1732);
#1484=PLANE('',#1737);
#1485=PLANE('',#1738);
#1486=PLANE('',#1739);
#1487=PLANE('',#1748);
#1488=PLANE('',#1749);
#1489=PLANE('',#1750);
#1490=PLANE('',#1751);
#1491=PLANE('',#1752);
#1492=PLANE('',#1753);
#1493=PLANE('',#1754);
#1494=PLANE('',#1779);
#1495=PLANE('',#1780);
#1496=PLANE('',#1781);
#1497=PLANE('',#1782);
#1498=PLANE('',#1783);
#1499=PLANE('',#1784);
#1500=PLANE('',#1785);
#1501=PLANE('',#1786);
#1502=PLANE('',#1787);
#1503=PLANE('',#1788);
#1504=ADVANCED_FACE('',(#1304),#1453,.T.);
#1505=ADVANCED_FACE('',(#1305),#1454,.F.);
#1506=ADVANCED_FACE('',(#1306,#1307,#1308,#1309,#1310,#1311,#1312),#1455,
 .F.);
#1507=ADVANCED_FACE('',(#1313,#1314,#1315,#1316,#1317,#1318,#1319),#1456,
 .T.);
#1508=ADVANCED_FACE('',(#1320),#1457,.F.);
#1509=ADVANCED_FACE('',(#1321),#1458,.T.);
#1510=ADVANCED_FACE('',(#1322,#1323,#1324),#1459,.F.);
#1511=ADVANCED_FACE('',(#1325),#1460,.T.);
#1512=ADVANCED_FACE('',(#1326,#1327),#26,.T.);
#1513=ADVANCED_FACE('',(#1328,#1329),#27,.F.);
#1514=ADVANCED_FACE('',(#1330,#1331),#1461,.T.);
#1515=ADVANCED_FACE('',(#1332),#1462,.F.);
#1516=ADVANCED_FACE('',(#1333,#1334),#28,.T.);
#1517=ADVANCED_FACE('',(#1335,#1336),#29,.F.);
#1518=ADVANCED_FACE('',(#1337,#1338),#1463,.T.);
#1519=ADVANCED_FACE('',(#1339),#1464,.F.);
#1520=ADVANCED_FACE('',(#1340,#1341),#30,.T.);
#1521=ADVANCED_FACE('',(#1342,#1343),#31,.F.);
#1522=ADVANCED_FACE('',(#1344,#1345),#1465,.T.);
#1523=ADVANCED_FACE('',(#1346),#1466,.F.);
#1524=ADVANCED_FACE('',(#1347,#1348),#32,.T.);
#1525=ADVANCED_FACE('',(#1349,#1350),#33,.F.);
#1526=ADVANCED_FACE('',(#1351,#1352),#1467,.T.);
#1527=ADVANCED_FACE('',(#1353),#1468,.F.);
#1528=ADVANCED_FACE('',(#1354,#1355),#34,.T.);
#1529=ADVANCED_FACE('',(#1356,#1357),#35,.F.);
#1530=ADVANCED_FACE('',(#1358,#1359),#1469,.T.);
#1531=ADVANCED_FACE('',(#1360),#1470,.F.);
#1532=ADVANCED_FACE('',(#1361,#1362),#36,.T.);
#1533=ADVANCED_FACE('',(#1363,#1364),#37,.F.);
#1534=ADVANCED_FACE('',(#1365,#1366),#1471,.T.);
#1535=ADVANCED_FACE('',(#1367),#1472,.F.);
#1536=ADVANCED_FACE('',(#1368,#1369,#1370),#1473,.T.);
#1537=ADVANCED_FACE('',(#1371),#38,.F.);
#1538=ADVANCED_FACE('',(#1372),#1474,.T.);
#1539=ADVANCED_FACE('',(#1373),#39,.F.);
#1540=ADVANCED_FACE('',(#1374),#1475,.F.);
#1541=ADVANCED_FACE('',(#1375),#40,.T.);
#1542=ADVANCED_FACE('',(#1376),#41,.F.);
#1543=ADVANCED_FACE('',(#1377),#1476,.F.);
#1544=ADVANCED_FACE('',(#1378),#42,.F.);
#1545=ADVANCED_FACE('',(#1379),#1477,.F.);
#1546=ADVANCED_FACE('',(#1380),#43,.F.);
#1547=ADVANCED_FACE('',(#1381),#1478,.T.);
#1548=ADVANCED_FACE('',(#1382),#44,.F.);
#1549=ADVANCED_FACE('',(#1383),#45,.T.);
#1550=ADVANCED_FACE('',(#1384),#46,.F.);
#1551=ADVANCED_FACE('',(#1385),#1479,.T.);
#1552=ADVANCED_FACE('',(#1386),#47,.F.);
#1553=ADVANCED_FACE('',(#1387),#1480,.F.);
#1554=ADVANCED_FACE('',(#1388),#48,.T.);
#1555=ADVANCED_FACE('',(#1389),#49,.F.);
#1556=ADVANCED_FACE('',(#1390),#1481,.F.);
#1557=ADVANCED_FACE('',(#1391),#50,.F.);
#1558=ADVANCED_FACE('',(#1392),#1482,.F.);
#1559=ADVANCED_FACE('',(#1393),#51,.F.);
#1560=ADVANCED_FACE('',(#1394),#1483,.T.);
#1561=ADVANCED_FACE('',(#1395),#52,.F.);
#1562=ADVANCED_FACE('',(#1396),#53,.T.);
#1563=ADVANCED_FACE('',(#1397),#1484,.T.);
#1564=ADVANCED_FACE('',(#1398),#1485,.T.);
#1565=ADVANCED_FACE('',(#1399,#1400,#1401,#1402,#1403,#1404,#1405),#1486,
 .F.);
#1566=ADVANCED_FACE('',(#1406,#1407),#54,.F.);
#1567=ADVANCED_FACE('',(#1408,#1409),#55,.F.);
#1568=ADVANCED_FACE('',(#1410,#1411),#56,.F.);
#1569=ADVANCED_FACE('',(#1412,#1413),#57,.F.);
#1570=ADVANCED_FACE('',(#1414),#1487,.T.);
#1571=ADVANCED_FACE('',(#1415),#1488,.F.);
#1572=ADVANCED_FACE('',(#1416),#1489,.F.);
#1573=ADVANCED_FACE('',(#1417),#1490,.F.);
#1574=ADVANCED_FACE('',(#1418),#1491,.F.);
#1575=ADVANCED_FACE('',(#1419),#1492,.F.);
#1576=ADVANCED_FACE('',(#1420),#1493,.F.);
#1577=ADVANCED_FACE('',(#1421),#58,.T.);
#1578=ADVANCED_FACE('',(#1422),#59,.T.);
#1579=ADVANCED_FACE('',(#1423),#60,.T.);
#1580=ADVANCED_FACE('',(#1424),#61,.T.);
#1581=ADVANCED_FACE('',(#1425),#62,.T.);
#1582=ADVANCED_FACE('',(#1426),#63,.T.);
#1583=ADVANCED_FACE('',(#1427,#1428),#16,.F.);
#1584=ADVANCED_FACE('',(#1429,#1430),#64,.F.);
#1585=ADVANCED_FACE('',(#1431,#1432),#17,.F.);
#1586=ADVANCED_FACE('',(#1433,#1434),#65,.F.);
#1587=ADVANCED_FACE('',(#1435,#1436),#18,.F.);
#1588=ADVANCED_FACE('',(#1437,#1438),#66,.F.);
#1589=ADVANCED_FACE('',(#1439,#1440),#19,.F.);
#1590=ADVANCED_FACE('',(#1441,#1442),#67,.F.);
#1591=ADVANCED_FACE('',(#1443),#1494,.F.);
#1592=ADVANCED_FACE('',(#1444),#1495,.F.);
#1593=ADVANCED_FACE('',(#1445),#1496,.T.);
#1594=ADVANCED_FACE('',(#1446),#1497,.T.);
#1595=ADVANCED_FACE('',(#1447),#1498,.T.);
#1596=ADVANCED_FACE('',(#1448),#1499,.T.);
#1597=ADVANCED_FACE('',(#1449),#1500,.F.);
#1598=ADVANCED_FACE('',(#1450),#1501,.F.);
#1599=ADVANCED_FACE('',(#1451),#1502,.T.);
#1600=ADVANCED_FACE('',(#1452),#1503,.T.);
#1601=CLOSED_SHELL('',(#1504,#1505,#1506,#1507,#1508,#1509,#1510,#1511,
#1512,#1513,#1514,#1515,#1516,#1517,#1518,#1519,#1520,#1521,#1522,#1523,
#1524,#1525,#1526,#1527,#1528,#1529,#1530,#1531,#1532,#1533,#1534,#1535,
#1536,#1537,#1538,#1539,#1540,#1541,#1542,#1543,#1544,#1545,#1546,#1547,
#1548,#1549,#1550,#1551,#1552,#1553,#1554,#1555,#1556,#1557,#1558,#1559,
#1560,#1561,#1562,#1563,#1564,#1565,#1566,#1567,#1568,#1569,#1570,#1571,
#1572,#1573,#1574,#1575,#1576,#1577,#1578,#1579,#1580,#1581,#1582,#1583,
#1584,#1585,#1586,#1587,#1588,#1589,#1590,#1591,#1592,#1593,#1594,#1595,
#1596,#1597,#1598,#1599,#1600));
#1602=STYLED_ITEM('',(#1603),#1610);
#1603=PRESENTATION_STYLE_ASSIGNMENT((#1604));
#1604=SURFACE_STYLE_USAGE(.BOTH.,#1605);
#1605=SURFACE_SIDE_STYLE('',(#1606));
#1606=SURFACE_STYLE_FILL_AREA(#1607);
#1607=FILL_AREA_STYLE('',(#1608));
#1608=FILL_AREA_STYLE_COLOUR('',#1609);
#1609=COLOUR_RGB('',0.972549019607843,0.529411764705882,0.00392156862745098);
#1610=MANIFOLD_SOLID_BREP('Case Bottom',#1601);
#1611=SHAPE_DEFINITION_REPRESENTATION(#2727,#1612);
#1612=SHAPE_REPRESENTATION('Case Bottom',(#1613),#2722);
#1613=AXIS2_PLACEMENT_3D('',#2268,#1789,#1790);
#1614=AXIS2_PLACEMENT_3D('',#2269,#1791,#1792);
#1615=AXIS2_PLACEMENT_3D('',#2278,#1797,#1798);
#1616=AXIS2_PLACEMENT_3D('',#2287,#1803,#1804);
#1617=AXIS2_PLACEMENT_3D('',#2288,#1805,#1806);
#1618=AXIS2_PLACEMENT_3D('',#2290,#1807,#1808);
#1619=AXIS2_PLACEMENT_3D('',#2292,#1809,#1810);
#1620=AXIS2_PLACEMENT_3D('',#2294,#1811,#1812);
#1621=AXIS2_PLACEMENT_3D('',#2296,#1813,#1814);
#1622=AXIS2_PLACEMENT_3D('',#2298,#1815,#1816);
#1623=AXIS2_PLACEMENT_3D('',#2308,#1821,#1822);
#1624=AXIS2_PLACEMENT_3D('',#2309,#1823,#1824);
#1625=AXIS2_PLACEMENT_3D('',#2311,#1825,#1826);
#1626=AXIS2_PLACEMENT_3D('',#2313,#1827,#1828);
#1627=AXIS2_PLACEMENT_3D('',#2315,#1829,#1830);
#1628=AXIS2_PLACEMENT_3D('',#2317,#1831,#1832);
#1629=AXIS2_PLACEMENT_3D('',#2322,#1834,#1835);
#1630=AXIS2_PLACEMENT_3D('',#2326,#1837,#1838);
#1631=AXIS2_PLACEMENT_3D('',#2328,#1839,#1840);
#1632=AXIS2_PLACEMENT_3D('',#2332,#1842,#1843);
#1633=AXIS2_PLACEMENT_3D('',#2336,#1845,#1846);
#1634=AXIS2_PLACEMENT_3D('',#2340,#1848,#1849);
#1635=AXIS2_PLACEMENT_3D('',#2342,#1850,#1851);
#1636=AXIS2_PLACEMENT_3D('',#2345,#1853,#1854);
#1637=AXIS2_PLACEMENT_3D('',#2350,#1856,#1857);
#1638=AXIS2_PLACEMENT_3D('',#2354,#1859,#1860);
#1639=AXIS2_PLACEMENT_3D('',#2356,#1861,#1862);
#1640=AXIS2_PLACEMENT_3D('',#2360,#1864,#1865);
#1641=AXIS2_PLACEMENT_3D('',#2364,#1867,#1868);
#1642=AXIS2_PLACEMENT_3D('',#2368,#1870,#1871);
#1643=AXIS2_PLACEMENT_3D('',#2370,#1872,#1873);
#1644=AXIS2_PLACEMENT_3D('',#2378,#1878,#1879);
#1645=AXIS2_PLACEMENT_3D('',#2384,#1883,#1884);
#1646=AXIS2_PLACEMENT_3D('',#2390,#1888,#1889);
#1647=AXIS2_PLACEMENT_3D('',#2391,#1890,#1891);
#1648=AXIS2_PLACEMENT_3D('',#2393,#1892,#1893);
#1649=AXIS2_PLACEMENT_3D('',#2413,#1904,#1905);
#1650=AXIS2_PLACEMENT_3D('',#2419,#1909,#1910);
#1651=AXIS2_PLACEMENT_3D('',#2420,#1911,#1912);
#1652=AXIS2_PLACEMENT_3D('',#2422,#1913,#1914);
#1653=AXIS2_PLACEMENT_3D('',#2423,#1915,#1916);
#1654=AXIS2_PLACEMENT_3D('',#2425,#1917,#1918);
#1655=AXIS2_PLACEMENT_3D('',#2427,#1919,#1920);
#1656=AXIS2_PLACEMENT_3D('',#2428,#1921,#1922);
#1657=AXIS2_PLACEMENT_3D('',#2429,#1923,#1924);
#1658=AXIS2_PLACEMENT_3D('',#2430,#1925,#1926);
#1659=AXIS2_PLACEMENT_3D('',#2432,#1927,#1928);
#1660=AXIS2_PLACEMENT_3D('',#2433,#1929,#1930);
#1661=AXIS2_PLACEMENT_3D('',#2435,#1931,#1932);
#1662=AXIS2_PLACEMENT_3D('',#2437,#1933,#1934);
#1663=AXIS2_PLACEMENT_3D('',#2438,#1935,#1936);
#1664=AXIS2_PLACEMENT_3D('',#2439,#1937,#1938);
#1665=AXIS2_PLACEMENT_3D('',#2440,#1939,#1940);
#1666=AXIS2_PLACEMENT_3D('',#2442,#1941,#1942);
#1667=AXIS2_PLACEMENT_3D('',#2443,#1943,#1944);
#1668=AXIS2_PLACEMENT_3D('',#2445,#1945,#1946);
#1669=AXIS2_PLACEMENT_3D('',#2447,#1947,#1948);
#1670=AXIS2_PLACEMENT_3D('',#2448,#1949,#1950);
#1671=AXIS2_PLACEMENT_3D('',#2449,#1951,#1952);
#1672=AXIS2_PLACEMENT_3D('',#2450,#1953,#1954);
#1673=AXIS2_PLACEMENT_3D('',#2452,#1955,#1956);
#1674=AXIS2_PLACEMENT_3D('',#2453,#1957,#1958);
#1675=AXIS2_PLACEMENT_3D('',#2455,#1959,#1960);
#1676=AXIS2_PLACEMENT_3D('',#2457,#1961,#1962);
#1677=AXIS2_PLACEMENT_3D('',#2458,#1963,#1964);
#1678=AXIS2_PLACEMENT_3D('',#2459,#1965,#1966);
#1679=AXIS2_PLACEMENT_3D('',#2460,#1967,#1968);
#1680=AXIS2_PLACEMENT_3D('',#2462,#1969,#1970);
#1681=AXIS2_PLACEMENT_3D('',#2463,#1971,#1972);
#1682=AXIS2_PLACEMENT_3D('',#2465,#1973,#1974);
#1683=AXIS2_PLACEMENT_3D('',#2467,#1975,#1976);
#1684=AXIS2_PLACEMENT_3D('',#2468,#1977,#1978);
#1685=AXIS2_PLACEMENT_3D('',#2469,#1979,#1980);
#1686=AXIS2_PLACEMENT_3D('',#2470,#1981,#1982);
#1687=AXIS2_PLACEMENT_3D('',#2472,#1983,#1984);
#1688=AXIS2_PLACEMENT_3D('',#2473,#1985,#1986);
#1689=AXIS2_PLACEMENT_3D('',#2475,#1987,#1988);
#1690=AXIS2_PLACEMENT_3D('',#2477,#1989,#1990);
#1691=AXIS2_PLACEMENT_3D('',#2478,#1991,#1992);
#1692=AXIS2_PLACEMENT_3D('',#2479,#1993,#1994);
#1693=AXIS2_PLACEMENT_3D('',#2480,#1995,#1996);
#1694=AXIS2_PLACEMENT_3D('',#2482,#1997,#1998);
#1695=AXIS2_PLACEMENT_3D('',#2490,#2003,#2004);
#1696=AXIS2_PLACEMENT_3D('',#2493,#2006,#2007);
#1697=AXIS2_PLACEMENT_3D('',#2496,#2009,#2010);
#1698=AXIS2_PLACEMENT_3D('',#2500,#2013,#2014);
#1699=AXIS2_PLACEMENT_3D('',#2501,#2015,#2016);
#1700=AXIS2_PLACEMENT_3D('',#2504,#2018,#2019);
#1701=AXIS2_PLACEMENT_3D('',#2508,#2022,#2023);
#1702=AXIS2_PLACEMENT_3D('',#2509,#2024,#2025);
#1703=AXIS2_PLACEMENT_3D('',#2512,#2027,#2028);
#1704=AXIS2_PLACEMENT_3D('',#2513,#2029,#2030);
#1705=AXIS2_PLACEMENT_3D('',#2516,#2032,#2033);
#1706=AXIS2_PLACEMENT_3D('',#2520,#2036,#2037);
#1707=AXIS2_PLACEMENT_3D('',#2521,#2038,#2039);
#1708=AXIS2_PLACEMENT_3D('',#2524,#2041,#2042);
#1709=AXIS2_PLACEMENT_3D('',#2528,#2045,#2046);
#1710=AXIS2_PLACEMENT_3D('',#2529,#2047,#2048);
#1711=AXIS2_PLACEMENT_3D('',#2532,#2050,#2051);
#1712=AXIS2_PLACEMENT_3D('',#2536,#2054,#2055);
#1713=AXIS2_PLACEMENT_3D('',#2537,#2056,#2057);
#1714=AXIS2_PLACEMENT_3D('',#2540,#2059,#2060);
#1715=AXIS2_PLACEMENT_3D('',#2541,#2061,#2062);
#1716=AXIS2_PLACEMENT_3D('',#2544,#2064,#2065);
#1717=AXIS2_PLACEMENT_3D('',#2547,#2067,#2068);
#1718=AXIS2_PLACEMENT_3D('',#2550,#2070,#2071);
#1719=AXIS2_PLACEMENT_3D('',#2554,#2074,#2075);
#1720=AXIS2_PLACEMENT_3D('',#2555,#2076,#2077);
#1721=AXIS2_PLACEMENT_3D('',#2558,#2079,#2080);
#1722=AXIS2_PLACEMENT_3D('',#2562,#2083,#2084);
#1723=AXIS2_PLACEMENT_3D('',#2563,#2085,#2086);
#1724=AXIS2_PLACEMENT_3D('',#2566,#2088,#2089);
#1725=AXIS2_PLACEMENT_3D('',#2567,#2090,#2091);
#1726=AXIS2_PLACEMENT_3D('',#2570,#2093,#2094);
#1727=AXIS2_PLACEMENT_3D('',#2574,#2097,#2098);
#1728=AXIS2_PLACEMENT_3D('',#2575,#2099,#2100);
#1729=AXIS2_PLACEMENT_3D('',#2578,#2102,#2103);
#1730=AXIS2_PLACEMENT_3D('',#2582,#2106,#2107);
#1731=AXIS2_PLACEMENT_3D('',#2583,#2108,#2109);
#1732=AXIS2_PLACEMENT_3D('',#2586,#2111,#2112);
#1733=AXIS2_PLACEMENT_3D('',#2590,#2115,#2116);
#1734=AXIS2_PLACEMENT_3D('',#2591,#2117,#2118);
#1735=AXIS2_PLACEMENT_3D('',#2594,#2120,#2121);
#1736=AXIS2_PLACEMENT_3D('',#2595,#2122,#2123);
#1737=AXIS2_PLACEMENT_3D('',#2598,#2125,#2126);
#1738=AXIS2_PLACEMENT_3D('',#2600,#2128,#2129);
#1739=AXIS2_PLACEMENT_3D('',#2602,#2131,#2132);
#1740=AXIS2_PLACEMENT_3D('',#2603,#2133,#2134);
#1741=AXIS2_PLACEMENT_3D('',#2605,#2135,#2136);
#1742=AXIS2_PLACEMENT_3D('',#2607,#2137,#2138);
#1743=AXIS2_PLACEMENT_3D('',#2609,#2139,#2140);
#1744=AXIS2_PLACEMENT_3D('',#2625,#2149,#2150);
#1745=AXIS2_PLACEMENT_3D('',#2626,#2151,#2152);
#1746=AXIS2_PLACEMENT_3D('',#2627,#2153,#2154);
#1747=AXIS2_PLACEMENT_3D('',#2628,#2155,#2156);
#1748=AXIS2_PLACEMENT_3D('',#2629,#2157,#2158);
#1749=AXIS2_PLACEMENT_3D('',#2631,#2160,#2161);
#1750=AXIS2_PLACEMENT_3D('',#2633,#2163,#2164);
#1751=AXIS2_PLACEMENT_3D('',#2641,#2169,#2170);
#1752=AXIS2_PLACEMENT_3D('',#2645,#2173,#2174);
#1753=AXIS2_PLACEMENT_3D('',#2651,#2178,#2179);
#1754=AXIS2_PLACEMENT_3D('',#2653,#2181,#2182);
#1755=AXIS2_PLACEMENT_3D('',#2655,#2184,#2185);
#1756=AXIS2_PLACEMENT_3D('',#2656,#2186,#2187);
#1757=AXIS2_PLACEMENT_3D('',#2657,#2188,#2189);
#1758=AXIS2_PLACEMENT_3D('',#2658,#2190,#2191);
#1759=AXIS2_PLACEMENT_3D('',#2659,#2192,#2193);
#1760=AXIS2_PLACEMENT_3D('',#2660,#2194,#2195);
#1761=AXIS2_PLACEMENT_3D('',#2661,#2196,#2197);
#1762=AXIS2_PLACEMENT_3D('',#2662,#2198,#2199);
#1763=AXIS2_PLACEMENT_3D('',#2663,#2200,#2201);
#1764=AXIS2_PLACEMENT_3D('',#2664,#2202,#2203);
#1765=AXIS2_PLACEMENT_3D('',#2665,#2204,#2205);
#1766=AXIS2_PLACEMENT_3D('',#2666,#2206,#2207);
#1767=AXIS2_PLACEMENT_3D('',#2667,#2208,#2209);
#1768=AXIS2_PLACEMENT_3D('',#2669,#2210,#2211);
#1769=AXIS2_PLACEMENT_3D('',#2671,#2212,#2213);
#1770=AXIS2_PLACEMENT_3D('',#2672,#2214,#2215);
#1771=AXIS2_PLACEMENT_3D('',#2674,#2216,#2217);
#1772=AXIS2_PLACEMENT_3D('',#2676,#2218,#2219);
#1773=AXIS2_PLACEMENT_3D('',#2677,#2220,#2221);
#1774=AXIS2_PLACEMENT_3D('',#2679,#2222,#2223);
#1775=AXIS2_PLACEMENT_3D('',#2681,#2224,#2225);
#1776=AXIS2_PLACEMENT_3D('',#2682,#2226,#2227);
#1777=AXIS2_PLACEMENT_3D('',#2684,#2228,#2229);
#1778=AXIS2_PLACEMENT_3D('',#2686,#2230,#2231);
#1779=AXIS2_PLACEMENT_3D('',#2687,#2232,#2233);
#1780=AXIS2_PLACEMENT_3D('',#2693,#2237,#2238);
#1781=AXIS2_PLACEMENT_3D('',#2697,#2241,#2242);
#1782=AXIS2_PLACEMENT_3D('',#2701,#2245,#2246);
#1783=AXIS2_PLACEMENT_3D('',#2703,#2248,#2249);
#1784=AXIS2_PLACEMENT_3D('',#2704,#2250,#2251);
#1785=AXIS2_PLACEMENT_3D('',#2710,#2255,#2256);
#1786=AXIS2_PLACEMENT_3D('',#2716,#2260,#2261);
#1787=AXIS2_PLACEMENT_3D('',#2718,#2263,#2264);
#1788=AXIS2_PLACEMENT_3D('',#2720,#2266,#2267);
#1789=DIRECTION('',(0.,0.,1.));
#1790=DIRECTION('',(1.,0.,0.));
#1791=DIRECTION('',(0.,1.,0.));
#1792=DIRECTION('',(-1.,0.,0.));
#1793=DIRECTION('',(0.,0.,1.));
#1794=DIRECTION('',(-1.,0.,0.));
#1795=DIRECTION('',(0.,0.,1.));
#1796=DIRECTION('',(1.,0.,0.));
#1797=DIRECTION('',(0.,1.,0.));
#1798=DIRECTION('',(-1.,0.,0.));
#1799=DIRECTION('',(-1.,0.,0.));
#1800=DIRECTION('',(0.,0.,1.));
#1801=DIRECTION('',(1.,0.,0.));
#1802=DIRECTION('',(0.,0.,1.));
#1803=DIRECTION('',(0.,0.,-1.));
#1804=DIRECTION('',(1.,0.,0.));
#1805=DIRECTION('',(0.,0.,-1.));
#1806=DIRECTION('',(-1.,0.,0.));
#1807=DIRECTION('',(0.,0.,-1.));
#1808=DIRECTION('',(-1.,0.,0.));
#1809=DIRECTION('',(0.,0.,-1.));
#1810=DIRECTION('',(-1.,0.,0.));
#1811=DIRECTION('',(0.,0.,-1.));
#1812=DIRECTION('',(-1.,0.,0.));
#1813=DIRECTION('',(0.,0.,-1.));
#1814=DIRECTION('',(-1.,0.,0.));
#1815=DIRECTION('',(0.,0.,-1.));
#1816=DIRECTION('',(-1.,0.,0.));
#1817=DIRECTION('',(-1.52503162723236E-16,-1.,0.));
#1818=DIRECTION('',(1.,0.,0.));
#1819=DIRECTION('',(0.,-1.,0.));
#1820=DIRECTION('',(1.,0.,0.));
#1821=DIRECTION('',(1.,0.,0.));
#1822=DIRECTION('',(0.,1.,0.));
#1823=DIRECTION('',(-1.,0.,0.));
#1824=DIRECTION('',(0.,0.,1.));
#1825=DIRECTION('',(-1.,0.,0.));
#1826=DIRECTION('',(0.,0.,1.));
#1827=DIRECTION('',(-1.,0.,0.));
#1828=DIRECTION('',(0.,0.,1.));
#1829=DIRECTION('',(-1.,0.,0.));
#1830=DIRECTION('',(0.,0.,1.));
#1831=DIRECTION('',(1.,0.,0.));
#1832=DIRECTION('',(0.,0.,-1.));
#1833=DIRECTION('',(0.,-4.87829998868618E-16,-1.));
#1834=DIRECTION('',(1.,0.,0.));
#1835=DIRECTION('',(0.,0.,-1.));
#1836=DIRECTION('',(0.,1.,0.));
#1837=DIRECTION('',(1.,0.,0.));
#1838=DIRECTION('',(0.,0.,-1.));
#1839=DIRECTION('',(1.,0.,0.));
#1840=DIRECTION('',(0.,0.,-1.));
#1841=DIRECTION('',(0.,1.,0.));
#1842=DIRECTION('',(1.,0.,0.));
#1843=DIRECTION('',(0.,0.,-1.));
#1844=DIRECTION('',(0.,0.,-1.));
#1845=DIRECTION('',(1.,0.,0.));
#1846=DIRECTION('',(0.,0.,-1.));
#1847=DIRECTION('',(0.,1.,0.));
#1848=DIRECTION('',(1.,0.,0.));
#1849=DIRECTION('',(0.,0.,-1.));
#1850=DIRECTION('',(1.,0.,0.));
#1851=DIRECTION('',(0.,0.,-1.));
#1852=DIRECTION('',(0.,1.,0.));
#1853=DIRECTION('',(1.,0.,0.));
#1854=DIRECTION('',(0.,0.,-1.));
#1855=DIRECTION('',(0.,-7.31744998302928E-16,-1.));
#1856=DIRECTION('',(1.,0.,0.));
#1857=DIRECTION('',(0.,0.,-1.));
#1858=DIRECTION('',(0.,1.,0.));
#1859=DIRECTION('',(1.,0.,0.));
#1860=DIRECTION('',(0.,0.,-1.));
#1861=DIRECTION('',(1.,0.,0.));
#1862=DIRECTION('',(0.,0.,-1.));
#1863=DIRECTION('',(0.,1.,0.));
#1864=DIRECTION('',(1.,0.,0.));
#1865=DIRECTION('',(0.,0.,-1.));
#1866=DIRECTION('',(0.,0.,-1.));
#1867=DIRECTION('',(1.,0.,0.));
#1868=DIRECTION('',(0.,0.,-1.));
#1869=DIRECTION('',(0.,1.,0.));
#1870=DIRECTION('',(1.,0.,0.));
#1871=DIRECTION('',(0.,0.,-1.));
#1872=DIRECTION('',(1.,0.,0.));
#1873=DIRECTION('',(0.,0.,-1.));
#1874=DIRECTION('',(0.,1.,0.));
#1875=DIRECTION('',(0.,0.,1.));
#1876=DIRECTION('',(0.,-1.,-1.52503162723236E-16));
#1877=DIRECTION('',(0.,-2.72635235427298E-16,1.));
#1878=DIRECTION('',(0.,1.,0.));
#1879=DIRECTION('',(-1.,0.,0.));
#1880=DIRECTION('',(0.,0.,1.));
#1881=DIRECTION('',(1.,0.,0.));
#1882=DIRECTION('',(1.,0.,0.));
#1883=DIRECTION('',(0.,1.,0.));
#1884=DIRECTION('',(-1.,0.,0.));
#1885=DIRECTION('',(0.,0.,1.));
#1886=DIRECTION('',(1.,0.,0.));
#1887=DIRECTION('',(1.,0.,0.));
#1888=DIRECTION('',(-1.,1.52503162723236E-16,0.));
#1889=DIRECTION('',(-1.52503162723236E-16,-1.,0.));
#1890=DIRECTION('',(-1.,1.52503162723236E-16,0.));
#1891=DIRECTION('',(0.,0.,1.));
#1892=DIRECTION('',(-1.,1.52503162723236E-16,0.));
#1893=DIRECTION('',(0.,0.,1.));
#1894=DIRECTION('',(1.52503162723236E-16,1.,0.));
#1895=DIRECTION('',(0.,-1.52503162723236E-16,1.));
#1896=DIRECTION('',(0.,1.,0.));
#1897=DIRECTION('',(0.,0.,1.));
#1898=DIRECTION('',(0.,0.,1.));
#1899=DIRECTION('',(-1.52503162723236E-16,-1.,0.));
#1900=DIRECTION('',(0.,0.,1.));
#1901=DIRECTION('',(0.,0.,1.));
#1902=DIRECTION('',(0.,-1.,0.));
#1903=DIRECTION('',(0.,-1.52503162723236E-16,1.));
#1904=DIRECTION('',(0.,0.,-1.));
#1905=DIRECTION('',(1.,0.,0.));
#1906=DIRECTION('',(1.,0.,0.));
#1907=DIRECTION('',(0.,-1.,0.));
#1908=DIRECTION('',(1.,0.,0.));
#1909=DIRECTION('',(0.,0.,-1.));
#1910=DIRECTION('',(-1.,0.,0.));
#1911=DIRECTION('',(0.,0.,1.));
#1912=DIRECTION('',(1.,0.,0.));
#1913=DIRECTION('',(0.,0.,-1.));
#1914=DIRECTION('',(-1.,0.,0.));
#1915=DIRECTION('',(0.,0.,-1.));
#1916=DIRECTION('',(-1.,0.,0.));
#1917=DIRECTION('',(0.,0.,1.));
#1918=DIRECTION('',(1.,0.,0.));
#1919=DIRECTION('',(0.,0.,1.));
#1920=DIRECTION('',(1.,0.,0.));
#1921=DIRECTION('',(0.,0.,-1.));
#1922=DIRECTION('',(1.,0.,0.));
#1923=DIRECTION('',(0.,0.,-1.));
#1924=DIRECTION('',(-1.,0.,0.));
#1925=DIRECTION('',(0.,0.,1.));
#1926=DIRECTION('',(1.,0.,0.));
#1927=DIRECTION('',(0.,0.,-1.));
#1928=DIRECTION('',(-1.,0.,0.));
#1929=DIRECTION('',(0.,0.,-1.));
#1930=DIRECTION('',(-1.,0.,0.));
#1931=DIRECTION('',(0.,0.,1.));
#1932=DIRECTION('',(1.,0.,0.));
#1933=DIRECTION('',(0.,0.,1.));
#1934=DIRECTION('',(1.,0.,0.));
#1935=DIRECTION('',(0.,0.,-1.));
#1936=DIRECTION('',(1.,0.,0.));
#1937=DIRECTION('',(0.,0.,-1.));
#1938=DIRECTION('',(-1.,0.,0.));
#1939=DIRECTION('',(0.,0.,1.));
#1940=DIRECTION('',(1.,0.,0.));
#1941=DIRECTION('',(0.,0.,-1.));
#1942=DIRECTION('',(-1.,0.,0.));
#1943=DIRECTION('',(0.,0.,-1.));
#1944=DIRECTION('',(-1.,0.,0.));
#1945=DIRECTION('',(0.,0.,1.));
#1946=DIRECTION('',(1.,0.,0.));
#1947=DIRECTION('',(0.,0.,1.));
#1948=DIRECTION('',(1.,0.,0.));
#1949=DIRECTION('',(0.,0.,-1.));
#1950=DIRECTION('',(1.,0.,0.));
#1951=DIRECTION('',(0.,0.,-1.));
#1952=DIRECTION('',(-1.,0.,0.));
#1953=DIRECTION('',(0.,0.,1.));
#1954=DIRECTION('',(1.,0.,0.));
#1955=DIRECTION('',(0.,0.,-1.));
#1956=DIRECTION('',(-1.,0.,0.));
#1957=DIRECTION('',(0.,0.,-1.));
#1958=DIRECTION('',(-1.,0.,0.));
#1959=DIRECTION('',(0.,0.,1.));
#1960=DIRECTION('',(1.,0.,0.));
#1961=DIRECTION('',(0.,0.,1.));
#1962=DIRECTION('',(1.,0.,0.));
#1963=DIRECTION('',(0.,0.,-1.));
#1964=DIRECTION('',(1.,0.,0.));
#1965=DIRECTION('',(0.,0.,-1.));
#1966=DIRECTION('',(-1.,0.,0.));
#1967=DIRECTION('',(0.,0.,1.));
#1968=DIRECTION('',(1.,0.,0.));
#1969=DIRECTION('',(0.,0.,-1.));
#1970=DIRECTION('',(-1.,0.,0.));
#1971=DIRECTION('',(0.,0.,-1.));
#1972=DIRECTION('',(-1.,0.,0.));
#1973=DIRECTION('',(0.,0.,1.));
#1974=DIRECTION('',(1.,0.,0.));
#1975=DIRECTION('',(0.,0.,1.));
#1976=DIRECTION('',(1.,0.,0.));
#1977=DIRECTION('',(0.,0.,-1.));
#1978=DIRECTION('',(1.,0.,0.));
#1979=DIRECTION('',(0.,0.,-1.));
#1980=DIRECTION('',(-1.,0.,0.));
#1981=DIRECTION('',(0.,0.,1.));
#1982=DIRECTION('',(1.,0.,0.));
#1983=DIRECTION('',(0.,0.,-1.));
#1984=DIRECTION('',(-1.,0.,0.));
#1985=DIRECTION('',(0.,0.,-1.));
#1986=DIRECTION('',(-1.,0.,0.));
#1987=DIRECTION('',(0.,0.,1.));
#1988=DIRECTION('',(1.,0.,0.));
#1989=DIRECTION('',(0.,0.,1.));
#1990=DIRECTION('',(1.,0.,0.));
#1991=DIRECTION('',(0.,0.,-1.));
#1992=DIRECTION('',(1.,0.,0.));
#1993=DIRECTION('',(0.,-1.52503162723236E-16,1.));
#1994=DIRECTION('',(0.,-1.,-1.52503162723236E-16));
#1995=DIRECTION('',(0.,1.52503162723236E-16,-1.));
#1996=DIRECTION('',(0.,1.,1.52503162723236E-16));
#1997=DIRECTION('',(0.,1.52503162723236E-16,-1.));
#1998=DIRECTION('',(0.,1.,1.52503162723236E-16));
#1999=DIRECTION('',(-1.,-1.84460669691184E-16,-2.81308355259518E-32));
#2000=DIRECTION('',(0.,-1.,-1.52503162723236E-16));
#2001=DIRECTION('',(1.,0.,0.));
#2002=DIRECTION('',(0.,-1.,-1.52503162723236E-16));
#2003=DIRECTION('',(1.,0.,0.));
#2004=DIRECTION('',(0.,0.,-1.));
#2005=DIRECTION('',(1.,0.,0.));
#2006=DIRECTION('',(1.,0.,0.));
#2007=DIRECTION('',(0.,0.,-1.));
#2008=DIRECTION('',(1.,0.,0.));
#2009=DIRECTION('',(0.,-1.,4.87829998868618E-16));
#2010=DIRECTION('',(0.,-4.87829998868618E-16,-1.));
#2011=DIRECTION('',(0.,-4.87829998868618E-16,-1.));
#2012=DIRECTION('',(1.,0.,0.));
#2013=DIRECTION('',(1.,0.,0.));
#2014=DIRECTION('',(0.,0.,-1.));
#2015=DIRECTION('',(1.,0.,0.));
#2016=DIRECTION('',(0.,0.,-1.));
#2017=DIRECTION('',(1.,0.,0.));
#2018=DIRECTION('',(0.,0.,-1.));
#2019=DIRECTION('',(-1.,0.,0.));
#2020=DIRECTION('',(0.,1.,0.));
#2021=DIRECTION('',(1.,0.,0.));
#2022=DIRECTION('',(1.,0.,0.));
#2023=DIRECTION('',(0.,0.,-1.));
#2024=DIRECTION('',(1.,0.,0.));
#2025=DIRECTION('',(0.,0.,-1.));
#2026=DIRECTION('',(1.,0.,0.));
#2027=DIRECTION('',(1.,0.,0.));
#2028=DIRECTION('',(0.,0.,-1.));
#2029=DIRECTION('',(1.,0.,0.));
#2030=DIRECTION('',(0.,0.,-1.));
#2031=DIRECTION('',(1.,0.,0.));
#2032=DIRECTION('',(0.,0.,-1.));
#2033=DIRECTION('',(-1.,0.,0.));
#2034=DIRECTION('',(0.,1.,0.));
#2035=DIRECTION('',(1.,0.,0.));
#2036=DIRECTION('',(1.,0.,0.));
#2037=DIRECTION('',(0.,0.,-1.));
#2038=DIRECTION('',(1.,0.,0.));
#2039=DIRECTION('',(0.,0.,-1.));
#2040=DIRECTION('',(1.,0.,0.));
#2041=DIRECTION('',(0.,-1.,0.));
#2042=DIRECTION('',(0.,0.,-1.));
#2043=DIRECTION('',(0.,0.,-1.));
#2044=DIRECTION('',(1.,0.,0.));
#2045=DIRECTION('',(1.,0.,0.));
#2046=DIRECTION('',(0.,0.,-1.));
#2047=DIRECTION('',(1.,0.,0.));
#2048=DIRECTION('',(0.,0.,-1.));
#2049=DIRECTION('',(1.,0.,0.));
#2050=DIRECTION('',(0.,0.,-1.));
#2051=DIRECTION('',(-1.,0.,0.));
#2052=DIRECTION('',(0.,1.,0.));
#2053=DIRECTION('',(1.,0.,0.));
#2054=DIRECTION('',(1.,0.,0.));
#2055=DIRECTION('',(0.,0.,-1.));
#2056=DIRECTION('',(1.,0.,0.));
#2057=DIRECTION('',(0.,0.,-1.));
#2058=DIRECTION('',(1.,0.,0.));
#2059=DIRECTION('',(1.,0.,0.));
#2060=DIRECTION('',(0.,0.,-1.));
#2061=DIRECTION('',(1.,0.,0.));
#2062=DIRECTION('',(0.,0.,-1.));
#2063=DIRECTION('',(1.,0.,0.));
#2064=DIRECTION('',(1.,0.,0.));
#2065=DIRECTION('',(0.,0.,-1.));
#2066=DIRECTION('',(1.,0.,0.));
#2067=DIRECTION('',(1.,0.,0.));
#2068=DIRECTION('',(0.,0.,-1.));
#2069=DIRECTION('',(1.,0.,0.));
#2070=DIRECTION('',(0.,-1.,7.31744998302928E-16));
#2071=DIRECTION('',(0.,-7.31744998302928E-16,-1.));
#2072=DIRECTION('',(0.,-7.31744998302928E-16,-1.));
#2073=DIRECTION('',(1.,0.,0.));
#2074=DIRECTION('',(1.,0.,0.));
#2075=DIRECTION('',(0.,0.,-1.));
#2076=DIRECTION('',(1.,0.,0.));
#2077=DIRECTION('',(0.,0.,-1.));
#2078=DIRECTION('',(1.,0.,0.));
#2079=DIRECTION('',(0.,0.,-1.));
#2080=DIRECTION('',(-1.,0.,0.));
#2081=DIRECTION('',(0.,1.,0.));
#2082=DIRECTION('',(1.,0.,0.));
#2083=DIRECTION('',(1.,0.,0.));
#2084=DIRECTION('',(0.,0.,-1.));
#2085=DIRECTION('',(1.,0.,0.));
#2086=DIRECTION('',(0.,0.,-1.));
#2087=DIRECTION('',(1.,0.,0.));
#2088=DIRECTION('',(1.,0.,0.));
#2089=DIRECTION('',(0.,0.,-1.));
#2090=DIRECTION('',(1.,0.,0.));
#2091=DIRECTION('',(0.,0.,-1.));
#2092=DIRECTION('',(1.,0.,0.));
#2093=DIRECTION('',(0.,0.,-1.));
#2094=DIRECTION('',(-1.,0.,0.));
#2095=DIRECTION('',(0.,1.,0.));
#2096=DIRECTION('',(1.,0.,0.));
#2097=DIRECTION('',(1.,0.,0.));
#2098=DIRECTION('',(0.,0.,-1.));
#2099=DIRECTION('',(1.,0.,0.));
#2100=DIRECTION('',(0.,0.,-1.));
#2101=DIRECTION('',(1.,0.,0.));
#2102=DIRECTION('',(0.,-1.,0.));
#2103=DIRECTION('',(0.,0.,-1.));
#2104=DIRECTION('',(0.,0.,-1.));
#2105=DIRECTION('',(1.,0.,0.));
#2106=DIRECTION('',(1.,0.,0.));
#2107=DIRECTION('',(0.,0.,-1.));
#2108=DIRECTION('',(1.,0.,0.));
#2109=DIRECTION('',(0.,0.,-1.));
#2110=DIRECTION('',(1.,0.,0.));
#2111=DIRECTION('',(0.,0.,-1.));
#2112=DIRECTION('',(-1.,0.,0.));
#2113=DIRECTION('',(0.,1.,0.));
#2114=DIRECTION('',(1.,0.,0.));
#2115=DIRECTION('',(1.,0.,0.));
#2116=DIRECTION('',(0.,0.,-1.));
#2117=DIRECTION('',(1.,0.,0.));
#2118=DIRECTION('',(0.,0.,-1.));
#2119=DIRECTION('',(1.,0.,0.));
#2120=DIRECTION('',(1.,0.,0.));
#2121=DIRECTION('',(0.,0.,-1.));
#2122=DIRECTION('',(1.,0.,0.));
#2123=DIRECTION('',(0.,0.,-1.));
#2124=DIRECTION('',(1.,0.,0.));
#2125=DIRECTION('',(0.,0.,-1.));
#2126=DIRECTION('',(-1.,0.,0.));
#2127=DIRECTION('',(0.,1.,0.));
#2128=DIRECTION('',(0.,0.,-1.));
#2129=DIRECTION('',(-1.,0.,0.));
#2130=DIRECTION('',(0.,1.,0.));
#2131=DIRECTION('',(1.,0.,0.));
#2132=DIRECTION('',(0.,1.,0.));
#2133=DIRECTION('',(1.,0.,0.));
#2134=DIRECTION('',(0.,0.,-1.));
#2135=DIRECTION('',(1.,0.,0.));
#2136=DIRECTION('',(0.,0.,-1.));
#2137=DIRECTION('',(1.,0.,0.));
#2138=DIRECTION('',(0.,0.,-1.));
#2139=DIRECTION('',(1.,0.,0.));
#2140=DIRECTION('',(0.,0.,-1.));
#2141=DIRECTION('',(0.,0.,1.));
#2142=DIRECTION('',(0.,0.965925826289068,0.258819045102522));
#2143=DIRECTION('',(0.,-6.93889390390723E-16,1.));
#2144=DIRECTION('',(0.,0.965925826289069,-0.25881904510252));
#2145=DIRECTION('',(0.,-0.965925826289068,-0.258819045102521));
#2146=DIRECTION('',(0.,0.,1.));
#2147=DIRECTION('',(0.,-0.965925826289068,0.258819045102521));
#2148=DIRECTION('',(0.,0.,1.));
#2149=DIRECTION('',(-1.,0.,0.));
#2150=DIRECTION('',(0.,0.,1.));
#2151=DIRECTION('',(-1.,0.,0.));
#2152=DIRECTION('',(0.,0.,1.));
#2153=DIRECTION('',(-1.,0.,0.));
#2154=DIRECTION('',(0.,0.,1.));
#2155=DIRECTION('',(-1.,0.,0.));
#2156=DIRECTION('',(0.,0.,1.));
#2157=DIRECTION('',(0.,1.,0.));
#2158=DIRECTION('',(-1.,0.,0.));
#2159=DIRECTION('',(-1.,0.,0.));
#2160=DIRECTION('',(0.,1.,0.));
#2161=DIRECTION('',(-1.,0.,0.));
#2162=DIRECTION('',(-1.,0.,0.));
#2163=DIRECTION('',(0.,-1.,-1.52503162723236E-16));
#2164=DIRECTION('',(0.,1.52503162723236E-16,-1.));
#2165=DIRECTION('',(2.32572146405898E-32,1.52503162723236E-16,-1.));
#2166=DIRECTION('',(1.,0.,0.));
#2167=DIRECTION('',(0.,-1.52503162723236E-16,1.));
#2168=DIRECTION('',(1.,-1.52503162723236E-16,0.));
#2169=DIRECTION('',(-1.,0.,0.));
#2170=DIRECTION('',(0.,0.,1.));
#2171=DIRECTION('',(0.,-1.,-1.52503162723236E-16));
#2172=DIRECTION('',(0.,-1.52503162723236E-16,1.));
#2173=DIRECTION('',(-1.84460669691184E-16,1.,1.52503162723236E-16));
#2174=DIRECTION('',(-1.,-1.84460669691184E-16,0.));
#2175=DIRECTION('',(-1.,-1.84460669691184E-16,-2.81308355259518E-32));
#2176=DIRECTION('',(2.32572146405898E-32,1.52503162723236E-16,-1.));
#2177=DIRECTION('',(1.,-1.52503162723236E-16,0.));
#2178=DIRECTION('',(0.,-1.52503162723236E-16,1.));
#2179=DIRECTION('',(1.,0.,0.));
#2180=DIRECTION('',(0.,-1.,-1.52503162723236E-16));
#2181=DIRECTION('',(0.,0.,-1.));
#2182=DIRECTION('',(-1.,0.,0.));
#2183=DIRECTION('',(1.52503162723236E-16,1.,0.));
#2184=DIRECTION('',(0.,-1.,-1.52503162723236E-16));
#2185=DIRECTION('',(0.,1.52503162723236E-16,-1.));
#2186=DIRECTION('',(-0.707106781186548,-0.707106781186548,-1.07836020513996E-16));
#2187=DIRECTION('',(0.707106781186548,-0.707106781186548,-1.07836020513995E-16));
#2188=DIRECTION('',(0.707106781186548,-0.707106781186548,-1.07836020513995E-16));
#2189=DIRECTION('',(0.707106781186548,0.707106781186548,1.07836020513995E-16));
#2190=DIRECTION('',(1.,0.,0.));
#2191=DIRECTION('',(0.,0.,-1.));
#2192=DIRECTION('',(0.707106781186548,1.07836020513995E-16,-0.707106781186548));
#2193=DIRECTION('',(0.707106781186548,-1.07836020513995E-16,0.707106781186548));
#2194=DIRECTION('',(-1.,-1.84460669691184E-16,-2.81308355259518E-32));
#2195=DIRECTION('',(1.84460669691184E-16,-1.,0.));
#2196=DIRECTION('',(-0.707106781186548,-2.38269410914844E-16,0.707106781186548));
#2197=DIRECTION('',(-0.707106781186548,-2.25973698868529E-17,-0.707106781186548));
#2198=DIRECTION('',(2.32572146405898E-32,1.52503162723236E-16,-1.));
#2199=DIRECTION('',(0.,1.,1.52503162723236E-16));
#2200=DIRECTION('',(1.07836020513996E-16,0.707106781186548,-0.707106781186548));
#2201=DIRECTION('',(1.07836020513995E-16,0.707106781186548,0.707106781186548));
#2202=DIRECTION('',(2.32572146405898E-32,1.52503162723236E-16,-1.));
#2203=DIRECTION('',(0.,1.,1.52503162723236E-16));
#2204=DIRECTION('',(1.07836020513995E-16,0.707106781186548,0.707106781186548));
#2205=DIRECTION('',(1.07836020513996E-16,0.707106781186548,-0.707106781186548));
#2206=DIRECTION('',(1.52503162723236E-16,1.,0.));
#2207=DIRECTION('',(-1.,1.52503162723236E-16,0.));
#2208=DIRECTION('',(0.,-1.52503162723236E-16,1.));
#2209=DIRECTION('',(0.,-1.,-1.52503162723236E-16));
#2210=DIRECTION('',(0.,1.52503162723236E-16,-1.));
#2211=DIRECTION('',(0.,1.,1.52503162723236E-16));
#2212=DIRECTION('',(0.,1.52503162723236E-16,-1.));
#2213=DIRECTION('',(0.,1.,1.52503162723236E-16));
#2214=DIRECTION('',(0.,-1.52503162723236E-16,1.));
#2215=DIRECTION('',(0.,-1.,-1.52503162723236E-16));
#2216=DIRECTION('',(0.,1.52503162723236E-16,-1.));
#2217=DIRECTION('',(0.,1.,1.52503162723236E-16));
#2218=DIRECTION('',(0.,1.52503162723236E-16,-1.));
#2219=DIRECTION('',(0.,1.,1.52503162723236E-16));
#2220=DIRECTION('',(1.,-1.52503162723236E-16,0.));
#2221=DIRECTION('',(0.,0.,-1.));
#2222=DIRECTION('',(-1.,1.52503162723236E-16,0.));
#2223=DIRECTION('',(0.,0.,1.));
#2224=DIRECTION('',(-1.,1.52503162723236E-16,0.));
#2225=DIRECTION('',(0.,0.,1.));
#2226=DIRECTION('',(1.,-1.52503162723236E-16,0.));
#2227=DIRECTION('',(0.,0.,-1.));
#2228=DIRECTION('',(-1.,1.52503162723236E-16,0.));
#2229=DIRECTION('',(0.,0.,1.));
#2230=DIRECTION('',(-1.,1.52503162723236E-16,0.));
#2231=DIRECTION('',(0.,0.,1.));
#2232=DIRECTION('',(0.,-1.,0.));
#2233=DIRECTION('',(0.,0.,-1.));
#2234=DIRECTION('',(-1.,0.,0.));
#2235=DIRECTION('',(-1.,0.,0.));
#2236=DIRECTION('',(0.,0.,1.));
#2237=DIRECTION('',(0.,-0.258819045102522,0.965925826289068));
#2238=DIRECTION('',(0.,-0.965925826289068,-0.258819045102522));
#2239=DIRECTION('',(1.47306743465138E-16,0.965925826289068,0.258819045102522));
#2240=DIRECTION('',(-1.,0.,0.));
#2241=DIRECTION('',(0.,-1.,-6.93889390390723E-16));
#2242=DIRECTION('',(0.,6.93889390390723E-16,-1.));
#2243=DIRECTION('',(-1.05820326614683E-31,-6.93889390390723E-16,1.));
#2244=DIRECTION('',(-1.,0.,0.));
#2245=DIRECTION('',(0.,0.25881904510252,0.965925826289068));
#2246=DIRECTION('',(0.,-0.965925826289069,0.25881904510252));
#2247=DIRECTION('',(1.47306743465138E-16,0.965925826289069,-0.25881904510252));
#2248=DIRECTION('',(1.,-1.52503162723236E-16,0.));
#2249=DIRECTION('',(1.52503162723236E-16,1.,0.));
#2250=DIRECTION('',(0.,-1.,0.));
#2251=DIRECTION('',(0.,0.,-1.));
#2252=DIRECTION('',(-1.,0.,0.));
#2253=DIRECTION('',(0.,0.,1.));
#2254=DIRECTION('',(-1.,0.,0.));
#2255=DIRECTION('',(0.,-1.,0.));
#2256=DIRECTION('',(0.,0.,-1.));
#2257=DIRECTION('',(0.,0.,1.));
#2258=DIRECTION('',(-1.,0.,0.));
#2259=DIRECTION('',(-1.,0.,0.));
#2260=DIRECTION('',(0.,0.258819045102521,-0.965925826289068));
#2261=DIRECTION('',(0.,0.965925826289068,0.258819045102521));
#2262=DIRECTION('',(-1.47306743465138E-16,-0.965925826289068,-0.258819045102521));
#2263=DIRECTION('',(0.,-0.258819045102521,-0.965925826289068));
#2264=DIRECTION('',(0.,0.965925826289068,-0.258819045102521));
#2265=DIRECTION('',(-1.47306743465138E-16,-0.965925826289068,0.258819045102521));
#2266=DIRECTION('',(1.,-1.52503162723236E-16,0.));
#2267=DIRECTION('',(1.52503162723236E-16,1.,0.));
#2268=CARTESIAN_POINT('',(0.,0.,0.));
#2269=CARTESIAN_POINT('',(0.0078828,0.046,0.0194512));
#2270=CARTESIAN_POINT('',(0.049,0.046,-0.006));
#2271=CARTESIAN_POINT('',(0.049,0.046,0.0231114540378444));
#2272=CARTESIAN_POINT('',(0.049,0.046,0.0449024));
#2273=CARTESIAN_POINT('',(0.051002,0.046,0.0231114540378444));
#2274=CARTESIAN_POINT('',(-0.0332344,0.046,0.0231114540378444));
#2275=CARTESIAN_POINT('',(-0.0332344,0.046,0.0194512));
#2276=CARTESIAN_POINT('',(-0.0332344,0.046,0.0449024));
#2277=CARTESIAN_POINT('',(-0.0332344,0.046,0.0449024));
#2278=CARTESIAN_POINT('',(0.0078828,-0.049,0.0194512));
#2279=CARTESIAN_POINT('',(0.051002,-0.049,0.0231114540378443));
#2280=CARTESIAN_POINT('',(0.049,-0.049,0.0231114540378443));
#2281=CARTESIAN_POINT('',(-0.0332344,-0.049,0.0231114540378443));
#2282=CARTESIAN_POINT('',(0.049,-0.049,-0.006));
#2283=CARTESIAN_POINT('',(0.049,-0.049,0.0449024));
#2284=CARTESIAN_POINT('',(-0.0332344,-0.049,0.0449024));
#2285=CARTESIAN_POINT('',(-0.0332344,-0.049,0.0449024));
#2286=CARTESIAN_POINT('',(-0.0332344,-0.049,0.0194512));
#2287=CARTESIAN_POINT('',(0.0088828,-0.00149999999999999,-0.004));
#2288=CARTESIAN_POINT('',(-0.0125,0.03475,-0.004));
#2289=CARTESIAN_POINT('',(-0.0165,0.03475,-0.004));
#2290=CARTESIAN_POINT('',(0.03975,-0.03775,-0.004));
#2291=CARTESIAN_POINT('',(0.03575,-0.03775,-0.004));
#2292=CARTESIAN_POINT('',(0.0175,0.01,-0.004));
#2293=CARTESIAN_POINT('',(0.0135,0.01,-0.004));
#2294=CARTESIAN_POINT('',(0.035,0.01,-0.004));
#2295=CARTESIAN_POINT('',(0.031,0.01,-0.004));
#2296=CARTESIAN_POINT('',(0.03975,0.03475,-0.004));
#2297=CARTESIAN_POINT('',(0.03575,0.03475,-0.004));
#2298=CARTESIAN_POINT('',(-0.0125,-0.03775,-0.004));
#2299=CARTESIAN_POINT('',(-0.0165,-0.03775,-0.004));
#2300=CARTESIAN_POINT('',(0.044,-0.00149999999999999,-0.004));
#2301=CARTESIAN_POINT('',(0.044,0.044,-0.004));
#2302=CARTESIAN_POINT('',(0.044,-0.047,-0.004));
#2303=CARTESIAN_POINT('',(0.0088828,0.044,-0.004));
#2304=CARTESIAN_POINT('',(-0.0312344,0.044,-0.004));
#2305=CARTESIAN_POINT('',(-0.0312344,-0.00149999999999999,-0.004));
#2306=CARTESIAN_POINT('',(-0.0312344,-0.047,-0.004));
#2307=CARTESIAN_POINT('',(0.0088828,-0.047,-0.004));
#2308=CARTESIAN_POINT('',(-0.0312344,-0.00149999999999999,0.0194512));
#2309=CARTESIAN_POINT('',(-0.0312344,0.032763,0.0194512));
#2310=CARTESIAN_POINT('',(-0.0312344,0.032763,0.0211512));
#2311=CARTESIAN_POINT('',(-0.0312344,0.004315,0.0194512));
#2312=CARTESIAN_POINT('',(-0.0312344,0.004315,0.0211512));
#2313=CARTESIAN_POINT('',(-0.0312344,-0.007137,0.0194512));
#2314=CARTESIAN_POINT('',(-0.0312344,-0.007137,0.0211512));
#2315=CARTESIAN_POINT('',(-0.0312344,-0.035585,0.0194512));
#2316=CARTESIAN_POINT('',(-0.0312344,-0.035585,0.0211512));
#2317=CARTESIAN_POINT('',(-0.0312344,0.026874188,0.023011182782105));
#2318=CARTESIAN_POINT('',(-0.0312344,0.0283942,0.0230072));
#2319=CARTESIAN_POINT('',(-0.0312344,0.026874188,0.0245312));
#2320=CARTESIAN_POINT('',(-0.0312344,0.0283942,0.0194512));
#2321=CARTESIAN_POINT('',(-0.0312344,0.0283942,0.0158952));
#2322=CARTESIAN_POINT('',(-0.0312344,0.026874182782105,0.0158952));
#2323=CARTESIAN_POINT('',(-0.0312344,0.026874182782105,0.014375182782105));
#2324=CARTESIAN_POINT('',(-0.0312344,0.026351488782105,0.014375182782105));
#2325=CARTESIAN_POINT('',(-0.0312344,0.025828794782105,0.014375182782105));
#2326=CARTESIAN_POINT('',(-0.0312344,0.025828794782105,0.013867182782105));
#2327=CARTESIAN_POINT('',(-0.0312344,0.0253249727632124,0.0139322010355339));
#2328=CARTESIAN_POINT('',(-0.0312344,0.019757679475637,0.01465066047619));
#2329=CARTESIAN_POINT('',(-0.0312344,0.019757679475637,0.0090372));
#2330=CARTESIAN_POINT('',(-0.0312344,0.0170147397378185,0.0090372));
#2331=CARTESIAN_POINT('',(-0.0312344,0.0142718,0.0090372));
#2332=CARTESIAN_POINT('',(-0.0312344,0.0142718,0.0146252));
#2333=CARTESIAN_POINT('',(-0.0312344,0.0086838,0.0146252));
#2334=CARTESIAN_POINT('',(-0.0312344,0.0086838,0.0194512));
#2335=CARTESIAN_POINT('',(-0.0312344,0.0086838,0.0242772));
#2336=CARTESIAN_POINT('',(-0.0312344,0.0142718,0.0242772));
#2337=CARTESIAN_POINT('',(-0.0312344,0.0142718,0.0298652));
#2338=CARTESIAN_POINT('',(-0.0312344,0.017015,0.0298652));
#2339=CARTESIAN_POINT('',(-0.0312344,0.0197582,0.0298652));
#2340=CARTESIAN_POINT('',(-0.0312344,0.0197582,0.02425173952381));
#2341=CARTESIAN_POINT('',(-0.0312344,0.0253250207447067,0.0249738512284999));
#2342=CARTESIAN_POINT('',(-0.0312344,0.0258288,0.0250392));
#2343=CARTESIAN_POINT('',(-0.0312344,0.0258288,0.0245312));
#2344=CARTESIAN_POINT('',(-0.0312344,0.026351494,0.0245312));
#2345=CARTESIAN_POINT('',(-0.0312344,-0.013025812,0.023011182782105));
#2346=CARTESIAN_POINT('',(-0.0312344,-0.0115058,0.0230072));
#2347=CARTESIAN_POINT('',(-0.0312344,-0.013025812,0.0245312));
#2348=CARTESIAN_POINT('',(-0.0312344,-0.0115058,0.0194512));
#2349=CARTESIAN_POINT('',(-0.0312344,-0.0115058,0.0158952));
#2350=CARTESIAN_POINT('',(-0.0312344,-0.013025817217895,0.0158952));
#2351=CARTESIAN_POINT('',(-0.0312344,-0.013025817217895,0.014375182782105));
#2352=CARTESIAN_POINT('',(-0.0312344,-0.013548511217895,0.014375182782105));
#2353=CARTESIAN_POINT('',(-0.0312344,-0.014071205217895,0.014375182782105));
#2354=CARTESIAN_POINT('',(-0.0312344,-0.014071205217895,0.013867182782105));
#2355=CARTESIAN_POINT('',(-0.0312344,-0.0145750272367876,0.0139322010355339));
#2356=CARTESIAN_POINT('',(-0.0312344,-0.020142320524363,0.01465066047619));
#2357=CARTESIAN_POINT('',(-0.0312344,-0.020142320524363,0.0090372));
#2358=CARTESIAN_POINT('',(-0.0312344,-0.0228852602621815,0.0090372));
#2359=CARTESIAN_POINT('',(-0.0312344,-0.0256282,0.0090372));
#2360=CARTESIAN_POINT('',(-0.0312344,-0.0256282,0.0146252));
#2361=CARTESIAN_POINT('',(-0.0312344,-0.0312162,0.0146252));
#2362=CARTESIAN_POINT('',(-0.0312344,-0.0312162,0.0194512));
#2363=CARTESIAN_POINT('',(-0.0312344,-0.0312162,0.0242772));
#2364=CARTESIAN_POINT('',(-0.0312344,-0.0256282,0.0242772));
#2365=CARTESIAN_POINT('',(-0.0312344,-0.0256282,0.0298652));
#2366=CARTESIAN_POINT('',(-0.0312344,-0.022885,0.0298652));
#2367=CARTESIAN_POINT('',(-0.0312344,-0.0201418,0.0298652));
#2368=CARTESIAN_POINT('',(-0.0312344,-0.0201418,0.02425173952381));
#2369=CARTESIAN_POINT('',(-0.0312344,-0.0145749792552933,0.0249738512284999));
#2370=CARTESIAN_POINT('',(-0.0312344,-0.0140712,0.0250392));
#2371=CARTESIAN_POINT('',(-0.0312344,-0.0140712,0.0245312));
#2372=CARTESIAN_POINT('',(-0.0312344,-0.013548506,0.0245312));
#2373=CARTESIAN_POINT('',(-0.0312344,0.044,0.0194512));
#2374=CARTESIAN_POINT('',(-0.0312344,0.044,0.0399024));
#2375=CARTESIAN_POINT('',(-0.0312344,-0.0015,0.0399024));
#2376=CARTESIAN_POINT('',(-0.0312344,-0.047,0.0399024));
#2377=CARTESIAN_POINT('',(-0.0312344,-0.047,0.0194512));
#2378=CARTESIAN_POINT('',(0.0078828,0.044,0.0194512));
#2379=CARTESIAN_POINT('',(0.044,0.044,-0.006));
#2380=CARTESIAN_POINT('',(0.044,0.044,0.0399024));
#2381=CARTESIAN_POINT('',(-0.0332344,0.044,0.0399024));
#2382=CARTESIAN_POINT('',(-0.0307344,0.044,0.0399024));
#2383=CARTESIAN_POINT('',(-0.0332344,0.044,0.0399024));
#2384=CARTESIAN_POINT('',(0.0078828,-0.047,0.0194512));
#2385=CARTESIAN_POINT('',(0.044,-0.047,-0.006));
#2386=CARTESIAN_POINT('',(0.044,-0.047,0.0399024));
#2387=CARTESIAN_POINT('',(-0.0332344,-0.047,0.0399024));
#2388=CARTESIAN_POINT('',(-0.0307344,-0.047,0.0399024));
#2389=CARTESIAN_POINT('',(-0.0332344,-0.047,0.0399024));
#2390=CARTESIAN_POINT('',(0.049,-0.00149999999999999,-0.006));
#2391=CARTESIAN_POINT('',(0.049,0.04175,-0.00175));
#2392=CARTESIAN_POINT('',(0.049,0.04175,0.00025));
#2393=CARTESIAN_POINT('',(0.049,-0.04475,-0.00175));
#2394=CARTESIAN_POINT('',(0.049,-0.04475,0.00025));
#2395=CARTESIAN_POINT('',(0.049,-0.00149999999999998,0.0005));
#2396=CARTESIAN_POINT('',(0.049,-0.0425,0.0005));
#2397=CARTESIAN_POINT('',(0.049,0.0395,0.0005));
#2398=CARTESIAN_POINT('',(0.049,-0.0425,0.0399024));
#2399=CARTESIAN_POINT('',(0.049,-0.0425,0.0449024));
#2400=CARTESIAN_POINT('',(0.049,-0.049,0.0449024));
#2401=CARTESIAN_POINT('',(0.049,-0.049,-0.006));
#2402=CARTESIAN_POINT('',(0.049,-0.049,0.0157909459621556));
#2403=CARTESIAN_POINT('',(0.049,-0.049,-0.006));
#2404=CARTESIAN_POINT('',(0.049,-0.049,-0.006));
#2405=CARTESIAN_POINT('',(0.049,-0.00149999999999999,-0.006));
#2406=CARTESIAN_POINT('',(0.049,0.046,-0.006));
#2407=CARTESIAN_POINT('',(0.049,0.046,-0.006));
#2408=CARTESIAN_POINT('',(0.049,0.046,0.0157909459621556));
#2409=CARTESIAN_POINT('',(0.049,0.046,-0.006));
#2410=CARTESIAN_POINT('',(0.049,0.046,0.0449024));
#2411=CARTESIAN_POINT('',(0.049,0.0395,0.0449024));
#2412=CARTESIAN_POINT('',(0.049,0.0395,0.0399024));
#2413=CARTESIAN_POINT('',(0.0088828,-0.00149999999999999,-0.006));
#2414=CARTESIAN_POINT('',(0.0088828,-0.049,-0.006));
#2415=CARTESIAN_POINT('',(-0.0332344,-0.049,-0.006));
#2416=CARTESIAN_POINT('',(-0.0332344,-0.00149999999999998,-0.006));
#2417=CARTESIAN_POINT('',(-0.0332344,0.046,-0.006));
#2418=CARTESIAN_POINT('',(0.0088828,0.046,-0.006));
#2419=CARTESIAN_POINT('',(-0.0125,0.03475,2.00000000000027E-6));
#2420=CARTESIAN_POINT('',(-0.0125,0.03475,0.));
#2421=CARTESIAN_POINT('',(-0.0085,0.03475,0.));
#2422=CARTESIAN_POINT('',(-0.0125,0.03475,2.00000000000027E-6));
#2423=CARTESIAN_POINT('',(-0.0125,0.03475,-0.004));
#2424=CARTESIAN_POINT('',(-0.0145,0.03475,-0.004));
#2425=CARTESIAN_POINT('',(-0.0125,0.03475,0.));
#2426=CARTESIAN_POINT('',(-0.0105,0.03475,0.));
#2427=CARTESIAN_POINT('',(-0.1,0.1,0.));
#2428=CARTESIAN_POINT('',(0.0088828,-0.00149999999999999,-0.004));
#2429=CARTESIAN_POINT('',(0.03975,-0.03775,2.00000000000027E-6));
#2430=CARTESIAN_POINT('',(0.03975,-0.03775,0.));
#2431=CARTESIAN_POINT('',(0.04375,-0.03775,0.));
#2432=CARTESIAN_POINT('',(0.03975,-0.03775,2.00000000000027E-6));
#2433=CARTESIAN_POINT('',(0.03975,-0.03775,-0.004));
#2434=CARTESIAN_POINT('',(0.03775,-0.03775,-0.004));
#2435=CARTESIAN_POINT('',(0.03975,-0.03775,0.));
#2436=CARTESIAN_POINT('',(0.04175,-0.03775,0.));
#2437=CARTESIAN_POINT('',(-0.1,0.1,0.));
#2438=CARTESIAN_POINT('',(0.0088828,-0.00149999999999999,-0.004));
#2439=CARTESIAN_POINT('',(0.0175,0.01,2.00000000000027E-6));
#2440=CARTESIAN_POINT('',(0.0175,0.01,0.));
#2441=CARTESIAN_POINT('',(0.0215,0.01,0.));
#2442=CARTESIAN_POINT('',(0.0175,0.01,2.00000000000027E-6));
#2443=CARTESIAN_POINT('',(0.0175,0.01,-0.004));
#2444=CARTESIAN_POINT('',(0.0155,0.01,-0.004));
#2445=CARTESIAN_POINT('',(0.0175,0.01,0.));
#2446=CARTESIAN_POINT('',(0.0195,0.01,0.));
#2447=CARTESIAN_POINT('',(-0.1,0.1,0.));
#2448=CARTESIAN_POINT('',(0.0088828,-0.00149999999999999,-0.004));
#2449=CARTESIAN_POINT('',(0.035,0.01,2.00000000000027E-6));
#2450=CARTESIAN_POINT('',(0.035,0.01,0.));
#2451=CARTESIAN_POINT('',(0.039,0.01,0.));
#2452=CARTESIAN_POINT('',(0.035,0.01,2.00000000000027E-6));
#2453=CARTESIAN_POINT('',(0.035,0.01,-0.004));
#2454=CARTESIAN_POINT('',(0.033,0.01,-0.004));
#2455=CARTESIAN_POINT('',(0.035,0.01,0.));
#2456=CARTESIAN_POINT('',(0.037,0.01,0.));
#2457=CARTESIAN_POINT('',(-0.1,0.1,0.));
#2458=CARTESIAN_POINT('',(0.0088828,-0.00149999999999999,-0.004));
#2459=CARTESIAN_POINT('',(0.03975,0.03475,2.00000000000027E-6));
#2460=CARTESIAN_POINT('',(0.03975,0.03475,0.));
#2461=CARTESIAN_POINT('',(0.04375,0.03475,0.));
#2462=CARTESIAN_POINT('',(0.03975,0.03475,2.00000000000027E-6));
#2463=CARTESIAN_POINT('',(0.03975,0.03475,-0.004));
#2464=CARTESIAN_POINT('',(0.03775,0.03475,-0.004));
#2465=CARTESIAN_POINT('',(0.03975,0.03475,0.));
#2466=CARTESIAN_POINT('',(0.04175,0.03475,0.));
#2467=CARTESIAN_POINT('',(-0.1,0.1,0.));
#2468=CARTESIAN_POINT('',(0.0088828,-0.00149999999999999,-0.004));
#2469=CARTESIAN_POINT('',(-0.0125,-0.03775,2.00000000000027E-6));
#2470=CARTESIAN_POINT('',(-0.0125,-0.03775,0.));
#2471=CARTESIAN_POINT('',(-0.0085,-0.03775,0.));
#2472=CARTESIAN_POINT('',(-0.0125,-0.03775,2.00000000000027E-6));
#2473=CARTESIAN_POINT('',(-0.0125,-0.03775,-0.004));
#2474=CARTESIAN_POINT('',(-0.0145,-0.03775,-0.004));
#2475=CARTESIAN_POINT('',(-0.0125,-0.03775,0.));
#2476=CARTESIAN_POINT('',(-0.0105,-0.03775,0.));
#2477=CARTESIAN_POINT('',(-0.1,0.1,0.));
#2478=CARTESIAN_POINT('',(0.0088828,-0.00149999999999999,-0.004));
#2479=CARTESIAN_POINT('',(-0.0332344,-0.0015,0.0449024));
#2480=CARTESIAN_POINT('',(-0.0287344,-0.04475,0.0449024));
#2481=CARTESIAN_POINT('',(-0.0287344,-0.04275,0.0449024));
#2482=CARTESIAN_POINT('',(-0.0287344,0.04175,0.0449024));
#2483=CARTESIAN_POINT('',(-0.0287344,0.04375,0.0449024));
#2484=CARTESIAN_POINT('',(0.0113828,0.0395,0.0449024));
#2485=CARTESIAN_POINT('',(-0.0262344,0.0395,0.0449024));
#2486=CARTESIAN_POINT('',(-0.0332344,-0.0015,0.0449024));
#2487=CARTESIAN_POINT('',(0.0113828,-0.0425,0.0449024));
#2488=CARTESIAN_POINT('',(-0.0262344,-0.0425,0.0449024));
#2489=CARTESIAN_POINT('',(-0.0262344,-0.0015,0.0449024));
#2490=CARTESIAN_POINT('',(-0.0332344,0.026874188,0.023011182782105));
#2491=CARTESIAN_POINT('',(-0.0332344,0.026874188,0.0245312));
#2492=CARTESIAN_POINT('',(-0.0332344,0.026874188,0.0245312));
#2493=CARTESIAN_POINT('',(-0.0332344,0.026874188,0.023011182782105));
#2494=CARTESIAN_POINT('',(-0.0332344,0.0283942,0.0230072));
#2495=CARTESIAN_POINT('',(-0.0332344,0.0283942,0.0230072));
#2496=CARTESIAN_POINT('',(-0.0332344,0.0283942,0.0194512));
#2497=CARTESIAN_POINT('',(-0.0332344,0.0283942,0.0194512));
#2498=CARTESIAN_POINT('',(-0.0332344,0.0283942,0.0158952));
#2499=CARTESIAN_POINT('',(-0.0332344,0.0283942,0.0158952));
#2500=CARTESIAN_POINT('',(-0.0332344,0.026874182782105,0.0158952));
#2501=CARTESIAN_POINT('',(-0.0332344,0.026874182782105,0.0158952));
#2502=CARTESIAN_POINT('',(-0.0332344,0.026874182782105,0.014375182782105));
#2503=CARTESIAN_POINT('',(-0.0332344,0.026874182782105,0.014375182782105));
#2504=CARTESIAN_POINT('',(-0.0332344,0.026351488782105,0.014375182782105));
#2505=CARTESIAN_POINT('',(-0.0332344,0.026351488782105,0.014375182782105));
#2506=CARTESIAN_POINT('',(-0.0332344,0.025828794782105,0.014375182782105));
#2507=CARTESIAN_POINT('',(-0.0332344,0.025828794782105,0.014375182782105));
#2508=CARTESIAN_POINT('',(-0.0332344,0.025828794782105,0.013867182782105));
#2509=CARTESIAN_POINT('',(-0.0332344,0.025828794782105,0.013867182782105));
#2510=CARTESIAN_POINT('',(-0.0332344,0.0253249727632124,0.0139322010355339));
#2511=CARTESIAN_POINT('',(-0.0332344,0.0253249727632124,0.0139322010355339));
#2512=CARTESIAN_POINT('',(-0.0332344,0.019757679475637,0.01465066047619));
#2513=CARTESIAN_POINT('',(-0.0332344,0.019757679475637,0.01465066047619));
#2514=CARTESIAN_POINT('',(-0.0332344,0.019757679475637,0.0090372));
#2515=CARTESIAN_POINT('',(-0.0332344,0.019757679475637,0.0090372));
#2516=CARTESIAN_POINT('',(-0.0332344,0.0170147397378185,0.0090372));
#2517=CARTESIAN_POINT('',(-0.0332344,0.0170147397378185,0.0090372));
#2518=CARTESIAN_POINT('',(-0.0332344,0.0142718,0.0090372));
#2519=CARTESIAN_POINT('',(-0.0332344,0.0142718,0.0090372));
#2520=CARTESIAN_POINT('',(-0.0332344,0.0142718,0.0146252));
#2521=CARTESIAN_POINT('',(-0.0332344,0.0142718,0.0146252));
#2522=CARTESIAN_POINT('',(-0.0332344,0.0086838,0.0146252));
#2523=CARTESIAN_POINT('',(-0.0332344,0.0086838,0.0146252));
#2524=CARTESIAN_POINT('',(-0.0332344,0.0086838,0.0194512));
#2525=CARTESIAN_POINT('',(-0.0332344,0.0086838,0.0194512));
#2526=CARTESIAN_POINT('',(-0.0332344,0.0086838,0.0242772));
#2527=CARTESIAN_POINT('',(-0.0332344,0.0086838,0.0242772));
#2528=CARTESIAN_POINT('',(-0.0332344,0.0142718,0.0242772));
#2529=CARTESIAN_POINT('',(-0.0332344,0.0142718,0.0242772));
#2530=CARTESIAN_POINT('',(-0.0332344,0.0142718,0.0298652));
#2531=CARTESIAN_POINT('',(-0.0332344,0.0142718,0.0298652));
#2532=CARTESIAN_POINT('',(-0.0332344,0.017015,0.0298652));
#2533=CARTESIAN_POINT('',(-0.0332344,0.017015,0.0298652));
#2534=CARTESIAN_POINT('',(-0.0332344,0.0197582,0.0298652));
#2535=CARTESIAN_POINT('',(-0.0332344,0.0197582,0.0298652));
#2536=CARTESIAN_POINT('',(-0.0332344,0.0197582,0.02425173952381));
#2537=CARTESIAN_POINT('',(-0.0332344,0.0197582,0.02425173952381));
#2538=CARTESIAN_POINT('',(-0.0332344,0.0253250207447067,0.0249738512284999));
#2539=CARTESIAN_POINT('',(-0.0332344,0.0253250207447067,0.0249738512284999));
#2540=CARTESIAN_POINT('',(-0.0332344,0.0258288,0.0250392));
#2541=CARTESIAN_POINT('',(-0.0332344,0.0258288,0.0250392));
#2542=CARTESIAN_POINT('',(-0.0332344,0.0258288,0.0245312));
#2543=CARTESIAN_POINT('',(-0.0332344,0.0258288,0.0245312));
#2544=CARTESIAN_POINT('',(-0.0332344,-0.013025812,0.023011182782105));
#2545=CARTESIAN_POINT('',(-0.0332344,-0.013025812,0.0245312));
#2546=CARTESIAN_POINT('',(-0.0332344,-0.013025812,0.0245312));
#2547=CARTESIAN_POINT('',(-0.0332344,-0.013025812,0.023011182782105));
#2548=CARTESIAN_POINT('',(-0.0332344,-0.0115058,0.0230072));
#2549=CARTESIAN_POINT('',(-0.0332344,-0.0115058,0.0230072));
#2550=CARTESIAN_POINT('',(-0.0332344,-0.0115058,0.0194512));
#2551=CARTESIAN_POINT('',(-0.0332344,-0.0115058,0.0194512));
#2552=CARTESIAN_POINT('',(-0.0332344,-0.0115058,0.0158952));
#2553=CARTESIAN_POINT('',(-0.0332344,-0.0115058,0.0158952));
#2554=CARTESIAN_POINT('',(-0.0332344,-0.013025817217895,0.0158952));
#2555=CARTESIAN_POINT('',(-0.0332344,-0.013025817217895,0.0158952));
#2556=CARTESIAN_POINT('',(-0.0332344,-0.013025817217895,0.014375182782105));
#2557=CARTESIAN_POINT('',(-0.0332344,-0.013025817217895,0.014375182782105));
#2558=CARTESIAN_POINT('',(-0.0332344,-0.013548511217895,0.014375182782105));
#2559=CARTESIAN_POINT('',(-0.0332344,-0.013548511217895,0.014375182782105));
#2560=CARTESIAN_POINT('',(-0.0332344,-0.014071205217895,0.014375182782105));
#2561=CARTESIAN_POINT('',(-0.0332344,-0.014071205217895,0.014375182782105));
#2562=CARTESIAN_POINT('',(-0.0332344,-0.014071205217895,0.013867182782105));
#2563=CARTESIAN_POINT('',(-0.0332344,-0.014071205217895,0.013867182782105));
#2564=CARTESIAN_POINT('',(-0.0332344,-0.0145750272367876,0.0139322010355339));
#2565=CARTESIAN_POINT('',(-0.0332344,-0.0145750272367876,0.0139322010355339));
#2566=CARTESIAN_POINT('',(-0.0332344,-0.020142320524363,0.01465066047619));
#2567=CARTESIAN_POINT('',(-0.0332344,-0.020142320524363,0.01465066047619));
#2568=CARTESIAN_POINT('',(-0.0332344,-0.020142320524363,0.0090372));
#2569=CARTESIAN_POINT('',(-0.0332344,-0.020142320524363,0.0090372));
#2570=CARTESIAN_POINT('',(-0.0332344,-0.0228852602621815,0.0090372));
#2571=CARTESIAN_POINT('',(-0.0332344,-0.0228852602621815,0.0090372));
#2572=CARTESIAN_POINT('',(-0.0332344,-0.0256282,0.0090372));
#2573=CARTESIAN_POINT('',(-0.0332344,-0.0256282,0.0090372));
#2574=CARTESIAN_POINT('',(-0.0332344,-0.0256282,0.0146252));
#2575=CARTESIAN_POINT('',(-0.0332344,-0.0256282,0.0146252));
#2576=CARTESIAN_POINT('',(-0.0332344,-0.0312162,0.0146252));
#2577=CARTESIAN_POINT('',(-0.0332344,-0.0312162,0.0146252));
#2578=CARTESIAN_POINT('',(-0.0332344,-0.0312162,0.0194512));
#2579=CARTESIAN_POINT('',(-0.0332344,-0.0312162,0.0194512));
#2580=CARTESIAN_POINT('',(-0.0332344,-0.0312162,0.0242772));
#2581=CARTESIAN_POINT('',(-0.0332344,-0.0312162,0.0242772));
#2582=CARTESIAN_POINT('',(-0.0332344,-0.0256282,0.0242772));
#2583=CARTESIAN_POINT('',(-0.0332344,-0.0256282,0.0242772));
#2584=CARTESIAN_POINT('',(-0.0332344,-0.0256282,0.0298652));
#2585=CARTESIAN_POINT('',(-0.0332344,-0.0256282,0.0298652));
#2586=CARTESIAN_POINT('',(-0.0332344,-0.022885,0.0298652));
#2587=CARTESIAN_POINT('',(-0.0332344,-0.022885,0.0298652));
#2588=CARTESIAN_POINT('',(-0.0332344,-0.0201418,0.0298652));
#2589=CARTESIAN_POINT('',(-0.0332344,-0.0201418,0.0298652));
#2590=CARTESIAN_POINT('',(-0.0332344,-0.0201418,0.02425173952381));
#2591=CARTESIAN_POINT('',(-0.0332344,-0.0201418,0.02425173952381));
#2592=CARTESIAN_POINT('',(-0.0332344,-0.0145749792552933,0.0249738512284999));
#2593=CARTESIAN_POINT('',(-0.0332344,-0.0145749792552933,0.0249738512284999));
#2594=CARTESIAN_POINT('',(-0.0332344,-0.0140712,0.0250392));
#2595=CARTESIAN_POINT('',(-0.0332344,-0.0140712,0.0250392));
#2596=CARTESIAN_POINT('',(-0.0332344,-0.0140712,0.0245312));
#2597=CARTESIAN_POINT('',(-0.0332344,-0.0140712,0.0245312));
#2598=CARTESIAN_POINT('',(-0.0332344,0.026351494,0.0245312));
#2599=CARTESIAN_POINT('',(-0.0332344,0.026351494,0.0245312));
#2600=CARTESIAN_POINT('',(-0.0332344,-0.013548506,0.0245312));
#2601=CARTESIAN_POINT('',(-0.0332344,-0.013548506,0.0245312));
#2602=CARTESIAN_POINT('',(-0.0332344,-0.00149999999999999,0.0194512));
#2603=CARTESIAN_POINT('',(-0.0332344,0.032763,0.0194512));
#2604=CARTESIAN_POINT('',(-0.0332344,0.032763,0.0177512));
#2605=CARTESIAN_POINT('',(-0.0332344,0.004315,0.0194512));
#2606=CARTESIAN_POINT('',(-0.0332344,0.004315,0.0177512));
#2607=CARTESIAN_POINT('',(-0.0332344,-0.007137,0.0194512));
#2608=CARTESIAN_POINT('',(-0.0332344,-0.007137,0.0177512));
#2609=CARTESIAN_POINT('',(-0.0332344,-0.035585,0.0194512));
#2610=CARTESIAN_POINT('',(-0.0332344,-0.035585,0.0177512));
#2611=CARTESIAN_POINT('',(-0.0332344,-0.049,0.0194512));
#2612=CARTESIAN_POINT('',(-0.0332344,-0.049,0.0157909459621556));
#2613=CARTESIAN_POINT('',(-0.0332344,-0.0515,0.0151210729810778));
#2614=CARTESIAN_POINT('',(-0.0332344,-0.054,0.0144512));
#2615=CARTESIAN_POINT('',(-0.0332344,-0.054,0.0194512));
#2616=CARTESIAN_POINT('',(-0.0332344,-0.054,0.0244512));
#2617=CARTESIAN_POINT('',(-0.0332344,-0.0515,0.0237813270189221));
#2618=CARTESIAN_POINT('',(-0.0332344,0.0485,0.0237813270189222));
#2619=CARTESIAN_POINT('',(-0.0332344,0.051,0.0244512));
#2620=CARTESIAN_POINT('',(-0.0332344,0.051,0.0194512));
#2621=CARTESIAN_POINT('',(-0.0332344,0.051,0.0144512));
#2622=CARTESIAN_POINT('',(-0.0332344,0.0485,0.0151210729810778));
#2623=CARTESIAN_POINT('',(-0.0332344,0.046,0.0157909459621556));
#2624=CARTESIAN_POINT('',(-0.0332344,0.046,0.0194512));
#2625=CARTESIAN_POINT('',(-0.0312344,-0.035585,0.0194512));
#2626=CARTESIAN_POINT('',(-0.0312344,-0.007137,0.0194512));
#2627=CARTESIAN_POINT('',(-0.0312344,0.004315,0.0194512));
#2628=CARTESIAN_POINT('',(-0.0312344,0.032763,0.0194512));
#2629=CARTESIAN_POINT('',(0.0078828,0.046,0.0194512));
#2630=CARTESIAN_POINT('',(0.051002,0.046,0.0157909459621556));
#2631=CARTESIAN_POINT('',(0.0078828,-0.049,0.0194512));
#2632=CARTESIAN_POINT('',(0.051002,-0.049,0.0157909459621556));
#2633=CARTESIAN_POINT('',(0.0113828,-0.0425,0.0399024));
#2634=CARTESIAN_POINT('',(0.0485,-0.0425,0.0399024));
#2635=CARTESIAN_POINT('',(0.0485,-0.0425,0.0005));
#2636=CARTESIAN_POINT('',(0.0485,-0.0425,0.0444024));
#2637=CARTESIAN_POINT('',(0.0113828,-0.0425,0.0444024));
#2638=CARTESIAN_POINT('',(-0.0262344,-0.0425,0.0444024));
#2639=CARTESIAN_POINT('',(-0.0262344,-0.0425,0.0399024));
#2640=CARTESIAN_POINT('',(0.044,-0.0425,0.0005));
#2641=CARTESIAN_POINT('',(-0.0262344,-0.0015,0.0399024));
#2642=CARTESIAN_POINT('',(-0.0262344,-0.0015,0.0444024));
#2643=CARTESIAN_POINT('',(-0.0262344,0.0395,0.0444024));
#2644=CARTESIAN_POINT('',(-0.0262344,0.0395,0.0399024));
#2645=CARTESIAN_POINT('',(0.0113828,0.0395,0.0399024));
#2646=CARTESIAN_POINT('',(0.0113828,0.0395,0.0444024));
#2647=CARTESIAN_POINT('',(0.0485,0.0395,0.0444024));
#2648=CARTESIAN_POINT('',(0.0485,0.0395,0.0399024));
#2649=CARTESIAN_POINT('',(0.0485,0.0395,0.0005));
#2650=CARTESIAN_POINT('',(0.044,0.0395,0.0005));
#2651=CARTESIAN_POINT('',(0.0078828,-0.0015,0.0399024));
#2652=CARTESIAN_POINT('',(-0.0307344,-0.0015,0.0399024));
#2653=CARTESIAN_POINT('',(0.044,-0.00149999999999998,0.0005));
#2654=CARTESIAN_POINT('',(0.0485,-0.00149999999999998,0.0005));
#2655=CARTESIAN_POINT('',(-0.0307344,-0.0015,0.0444024));
#2656=CARTESIAN_POINT('',(-0.0307344,0.044,0.0444024));
#2657=CARTESIAN_POINT('',(-0.0307344,-0.047,0.0444024));
#2658=CARTESIAN_POINT('',(0.0078828,-0.047,0.0444024));
#2659=CARTESIAN_POINT('',(0.0485,-0.047,0.0444024));
#2660=CARTESIAN_POINT('',(0.0078828,0.044,0.0444024));
#2661=CARTESIAN_POINT('',(0.0485,0.044,0.0444024));
#2662=CARTESIAN_POINT('',(0.0485,-0.047,0.0194512));
#2663=CARTESIAN_POINT('',(0.0485,-0.047,-0.004));
#2664=CARTESIAN_POINT('',(0.0485,0.044,0.0399024));
#2665=CARTESIAN_POINT('',(0.0485,0.044,-0.004));
#2666=CARTESIAN_POINT('',(0.0485,-0.00149999999999999,-0.004));
#2667=CARTESIAN_POINT('',(-0.0287344,0.04175,0.0424024));
#2668=CARTESIAN_POINT('',(-0.0287344,0.04175,0.0412006787619449));
#2669=CARTESIAN_POINT('',(-0.0287344,0.04175,0.0424024));
#2670=CARTESIAN_POINT('',(-0.0287344,0.04375,0.0424024));
#2671=CARTESIAN_POINT('',(-0.0287344,0.04175,0.0449024));
#2672=CARTESIAN_POINT('',(-0.0287344,-0.04475,0.0424024));
#2673=CARTESIAN_POINT('',(-0.0287344,-0.04475,0.0412006787619449));
#2674=CARTESIAN_POINT('',(-0.0287344,-0.04475,0.0424024));
#2675=CARTESIAN_POINT('',(-0.0287344,-0.04275,0.0424024));
#2676=CARTESIAN_POINT('',(-0.0287344,-0.04475,0.0449024));
#2677=CARTESIAN_POINT('',(0.0465,-0.04475,-0.00175));
#2678=CARTESIAN_POINT('',(0.0452982787619449,-0.04475,-0.00175));
#2679=CARTESIAN_POINT('',(0.0465,-0.04475,-0.00175));
#2680=CARTESIAN_POINT('',(0.0465,-0.04475,0.00025));
#2681=CARTESIAN_POINT('',(0.049,-0.04475,-0.00175));
#2682=CARTESIAN_POINT('',(0.0465,0.04175,-0.00175));
#2683=CARTESIAN_POINT('',(0.0452982787619449,0.04175,-0.00175));
#2684=CARTESIAN_POINT('',(0.0465,0.04175,-0.00175));
#2685=CARTESIAN_POINT('',(0.0465,0.04175,0.00025));
#2686=CARTESIAN_POINT('',(0.049,0.04175,-0.00175));
#2687=CARTESIAN_POINT('',(0.051002,-0.049,0.0194512));
#2688=CARTESIAN_POINT('',(0.051002,-0.049,0.0157909459621556));
#2689=CARTESIAN_POINT('',(0.051,-0.049,0.0157909459621556));
#2690=CARTESIAN_POINT('',(0.051002,-0.049,0.0231114540378443));
#2691=CARTESIAN_POINT('',(0.051,-0.049,0.0231114540378443));
#2692=CARTESIAN_POINT('',(0.051,-0.049,0.0194512));
#2693=CARTESIAN_POINT('',(0.051002,-0.0515,0.0151210729810778));
#2694=CARTESIAN_POINT('',(0.051,-0.0515,0.0151210729810778));
#2695=CARTESIAN_POINT('',(0.051,-0.054,0.0144512));
#2696=CARTESIAN_POINT('',(0.051002,-0.054,0.0144512));
#2697=CARTESIAN_POINT('',(0.051002,-0.054,0.0194512));
#2698=CARTESIAN_POINT('',(0.051,-0.054,0.0194512));
#2699=CARTESIAN_POINT('',(0.051,-0.054,0.0244512));
#2700=CARTESIAN_POINT('',(0.051002,-0.054,0.0244512));
#2701=CARTESIAN_POINT('',(0.051002,-0.0515,0.0237813270189221));
#2702=CARTESIAN_POINT('',(0.051,-0.0515,0.0237813270189221));
#2703=CARTESIAN_POINT('',(0.051,-0.00149999999999999,0.0194512));
#2704=CARTESIAN_POINT('',(0.051002,0.046,0.0194512));
#2705=CARTESIAN_POINT('',(0.051002,0.046,0.0157909459621556));
#2706=CARTESIAN_POINT('',(0.051,0.046,0.0157909459621556));
#2707=CARTESIAN_POINT('',(0.051,0.046,0.0194512));
#2708=CARTESIAN_POINT('',(0.051,0.046,0.0231114540378444));
#2709=CARTESIAN_POINT('',(0.051002,0.046,0.0231114540378444));
#2710=CARTESIAN_POINT('',(0.051002,0.051,0.0194512));
#2711=CARTESIAN_POINT('',(0.051,0.051,0.0194512));
#2712=CARTESIAN_POINT('',(0.051,0.051,0.0144512));
#2713=CARTESIAN_POINT('',(0.051,0.051,0.0244512));
#2714=CARTESIAN_POINT('',(0.051002,0.051,0.0144512));
#2715=CARTESIAN_POINT('',(0.051002,0.051,0.0244512));
#2716=CARTESIAN_POINT('',(0.051002,0.0485,0.0237813270189222));
#2717=CARTESIAN_POINT('',(0.051,0.0485,0.0237813270189222));
#2718=CARTESIAN_POINT('',(0.051002,0.0485,0.0151210729810778));
#2719=CARTESIAN_POINT('',(0.051,0.0485,0.0151210729810778));
#2720=CARTESIAN_POINT('',(0.051,-0.00149999999999999,0.0194512));
#2721=MECHANICAL_DESIGN_GEOMETRIC_PRESENTATION_REPRESENTATION('',(#1602),
#2722);
#2722=(
GEOMETRIC_REPRESENTATION_CONTEXT(3)
GLOBAL_UNCERTAINTY_ASSIGNED_CONTEXT((#2723))
GLOBAL_UNIT_ASSIGNED_CONTEXT((#2726,#2725,#2724))
REPRESENTATION_CONTEXT('Case Bottom','TOP_LEVEL_ASSEMBLY_PART')
);
#2723=UNCERTAINTY_MEASURE_WITH_UNIT(LENGTH_MEASURE(1.E-8),#2726,
'DISTANCE_ACCURACY_VALUE','Maximum Tolerance applied to model');
#2724=(
NAMED_UNIT(*)
SI_UNIT($,.STERADIAN.)
SOLID_ANGLE_UNIT()
);
#2725=(
NAMED_UNIT(*)
PLANE_ANGLE_UNIT()
SI_UNIT($,.RADIAN.)
);
#2726=(
LENGTH_UNIT()
NAMED_UNIT(*)
SI_UNIT($,.METRE.)
);
#2727=PRODUCT_DEFINITION_SHAPE('','',#2728);
#2728=PRODUCT_DEFINITION('','',#2730,#2729);
#2729=PRODUCT_DEFINITION_CONTEXT('',#2736,'design');
#2730=PRODUCT_DEFINITION_FORMATION_WITH_SPECIFIED_SOURCE('','',#2732,
 .NOT_KNOWN.);
#2731=PRODUCT_RELATED_PRODUCT_CATEGORY('','',(#2732));
#2732=PRODUCT('Case Bottom','Case Bottom','Case Bottom',(#2734));
#2733=PRODUCT_CATEGORY('','');
#2734=PRODUCT_CONTEXT('',#2736,'mechanical');
#2735=APPLICATION_PROTOCOL_DEFINITION('international standard',
'ap242_managed_model_based_3d_engineering',2020,#2736);
#2736=APPLICATION_CONTEXT('managed model based 3d engineering');
ENDSEC;
END-ISO-10303-21;
